fixed_acidity,volatile_acidity,citric_acid,residual_sugar,chlorides,free_sulfur_dioxide,total_sulfur_dioxide,density,pH,sulphates,alcohol,quality
7.55,0.821,0.35,4.37,0.0613,14.4,32.4,0.9961,3.23,1.01,9.59,5
8.31,0.211,0.45,1.04,0.0691,32.0,153.5,0.9949,3.28,0.66,10.06,7
9.91,0.527,0.0,1.11,0.025,7.8,42.5,0.9961,3.09,0.7,9.98,6
7.36,0.303,0.15,1.93,0.088,19.4,61.7,0.9951,3.05,0.61,9.4,6
5.12,0.47,0.09,1.07,0.1394,12.9,45.8,0.9925,3.59,0.64,10.21,5
11.78,0.428,0.27,1.54,0.0949,33.4,97.2,0.998,3.14,0.9,9.41,5
6.6,0.467,0.34,1.14,0.1512,8.1,45.7,0.9935,3.59,0.41,10.41,5
6.5,0.318,0.6,2.42,0.1329,6.6,45.1,0.9946,3.5,0.57,9.52,7
10.18,0.397,0.2,5.38,0.1156,28.2,100.5,0.9972,3.17,0.91,10.96,6
7.65,0.632,0.2,9.49,0.0875,2.6,12.3,0.9967,3.33,0.85,11.46,6
8.19,0.462,0.42,1.61,0.0954,3.8,29.9,0.9964,3.38,0.54,8.4,4
9.12,0.447,0.38,2.27,0.1101,3.0,26.7,0.9948,3.38,0.87,11.45,7
10.14,0.697,0.52,3.81,0.0688,24.2,100.2,0.9958,3.26,0.74,11.85,6
7.73,0.483,0.3,1.09,0.015,2.1,34.7,0.9954,3.47,0.9,8.97,5
10.88,0.448,0.04,2.65,0.1092,25.7,87.9,0.9959,3.15,0.65,11.85,5
4.67,0.531,0.01,1.69,0.0443,9.2,27.0,0.9922,3.37,0.81,10.59,5
9.59,0.771,0.0,1.25,0.051,2.0,20.6,0.9963,3.24,1.09,9.47,5
6.87,0.523,0.41,1.67,0.0845,8.2,29.5,0.9937,3.41,0.78,10.57,6
10.63,0.48,0.46,1.02,0.0857,4.5,26.2,0.996,3.05,0.65,10.73,5
8.54,0.652,0.58,2.68,0.033,13.8,53.4,0.9956,3.14,0.76,10.25,5
7.16,0.303,0.44,1.34,0.0911,15.6,60.9,0.9933,3.42,0.62,11.16,6
9.43,0.686,0.46,1.46,0.1281,10.0,64.1,0.9965,3.2,1.05,9.25,5
9.82,0.639,0.15,1.09,0.0444,2.5,13.0,0.9957,3.21,0.67,10.34,5
9.39,0.518,0.04,3.9,0.1404,14.8,53.5,0.9978,3.21,0.59,8.76,5
6.55,0.427,0.4,1.92,0.0271,24.1,83.1,0.994,3.58,0.5,10.06,5
7.48,0.339,0.37,2.17,0.1692,17.3,67.7,0.995,3.5,0.87,9.72,6
8.29,0.661,0.27,2.16,0.073,23.3,59.8,0.9958,3.16,0.79,9.44,5
8.23,0.699,0.36,1.69,0.0903,4.7,30.5,0.9936,3.25,0.6,11.86,6
9.57,0.382,0.35,1.22,0.015,28.4,120.3,0.9945,3.35,0.78,11.72,6
4.87,0.648,0.48,2.95,0.087,6.7,38.7,0.9927,3.55,0.38,10.78,5
8.87,0.135,0.52,1.1,0.0936,2.2,12.5,0.9957,3.28,0.71,9.53,6
7.81,0.471,0.35,1.06,0.0861,24.2,105.2,0.9947,3.2,0.72,9.86,5
6.87,0.565,0.4,2.76,0.067,36.1,104.9,0.9935,3.3,0.93,11.39,5
7.04,0.255,0.42,1.25,0.0416,14.8,37.9,0.9932,3.31,0.59,11.22,7
7.94,0.251,0.25,1.45,0.1247,5.2,33.7,0.9921,3.36,0.5,13.39,7
4.6,0.376,0.43,1.87,0.0857,5.5,20.4,0.9919,3.7,0.53,11.02,6
7.11,0.62,0.0,1.79,0.1511,9.5,48.5,0.9941,3.29,0.41,10.37,5
6.81,0.538,0.44,2.75,0.0684,29.4,127.0,0.9947,3.26,0.87,9.87,5
9.21,0.12,0.07,2.36,0.0671,3.9,10.6,0.9955,3.25,0.94,10.76,6
6.93,0.209,0.3,2.45,0.1221,23.0,87.8,0.9945,3.5,0.69,10.02,5
7.93,0.467,0.1,2.78,0.0246,6.1,34.0,0.9947,3.15,0.85,10.88,5
10.92,0.568,0.39,1.42,0.036,21.8,45.8,0.9956,3.35,0.7,11.58,6
9.99,0.183,0.2,1.48,0.1384,32.3,105.4,0.9971,3.2,0.58,8.94,4
9.83,0.325,0.04,1.76,0.0326,8.7,27.9,0.9965,3.15,0.66,9.74,7
7.45,0.481,0.33,1.45,0.0167,7.5,42.4,0.9958,3.16,0.59,8.4,5
9.22,0.726,0.19,7.19,0.1592,21.4,71.1,0.9971,3.35,0.42,11.13,6
7.9,0.505,0.41,3.42,0.0337,11.0,45.4,0.9963,3.31,0.68,9.07,5
7.97,0.555,0.29,1.17,0.0919,15.8,51.6,0.996,3.35,0.67,8.47,6
9.0,0.514,0.36,0.91,0.0873,13.7,60.6,0.9946,3.17,0.81,11.01,6
7.29,0.208,0.08,0.97,0.015,4.0,29.8,0.9921,3.32,0.66,12.67,5
10.84,0.541,0.22,1.32,0.0688,24.4,90.4,0.996,3.12,0.69,11.07,7
8.03,0.527,0.21,1.08,0.1024,4.6,37.1,0.9936,3.31,0.53,11.46,6
9.35,0.496,0.48,2.04,0.0937,34.3,144.9,0.9951,3.18,0.73,11.16,7
10.77,1.077,0.63,3.83,0.1156,5.5,41.4,0.997,3.0,0.85,10.98,7
10.05,0.136,0.15,2.9,0.069,17.9,70.5,0.9957,3.55,0.49,11.54,6
5.9,0.703,0.52,1.26,0.108,6.0,27.3,0.9927,3.27,0.73,10.78,7
9.06,0.521,0.0,1.66,0.0619,6.6,25.3,0.9954,3.29,0.68,10.44,5
9.75,0.619,0.04,1.96,0.0331,6.5,28.0,0.9959,3.03,0.52,10.5,5
9.82,0.562,0.08,3.39,0.0376,18.5,94.5,0.9973,2.99,0.54,9.51,5
6.41,0.498,0.01,3.64,0.031,11.8,63.8,0.9937,3.42,0.68,11.17,5
7.18,0.473,0.0,4.51,0.1299,27.7,96.5,0.9955,3.39,0.45,10.0,5
9.99,0.626,0.32,1.97,0.0289,6.4,8.0,0.9969,3.38,0.7,9.42,5
7.01,0.232,0.25,2.68,0.0955,16.1,52.3,0.9937,3.42,0.53,11.16,6
7.79,0.698,0.32,1.08,0.0789,18.8,81.8,0.9952,3.32,0.82,9.28,5
10.98,0.499,0.37,2.15,0.0854,4.0,19.0,0.9971,3.06,1.04,10.2,5
8.22,0.298,0.34,1.33,0.139,8.1,33.5,0.9945,3.49,0.53,10.62,6
7.06,0.493,0.37,1.75,0.072,9.9,51.4,0.9933,3.48,0.73,11.26,5
6.81,0.704,0.28,2.41,0.109,7.3,43.5,0.9935,3.24,0.56,11.1,6
8.87,0.479,0.04,1.35,0.091,6.7,31.7,0.9953,3.29,0.82,10.15,5
6.03,0.391,0.56,0.98,0.0684,15.9,39.1,0.9914,3.44,0.54,12.34,8
7.88,0.366,0.18,0.92,0.1765,4.9,22.2,0.993,3.29,0.76,12.02,6
8.87,0.699,0.08,0.93,0.0318,16.8,66.1,0.9947,3.37,0.49,10.73,5
10.51,0.847,0.14,0.91,0.1511,34.8,139.0,0.997,3.3,0.52,9.29,3
9.43,0.804,0.13,1.08,0.1108,12.0,46.2,0.9963,3.23,0.5,9.31,6
7.09,0.46,0.21,1.31,0.0653,13.3,62.7,0.9945,3.34,0.82,9.56,6
10.3,0.604,0.35,1.28,0.1497,2.9,23.7,0.9962,3.39,0.54,10.32,6
7.79,0.507,0.35,7.39,0.015,26.0,79.0,0.9971,3.45,0.77,10.02,6
6.2,0.79,0.09,1.45,0.0686,6.0,24.9,0.9936,3.42,0.58,9.99,5
8.01,0.448,0.16,1.1,0.0412,13.5,51.8,0.9946,3.13,0.62,10.23,5
10.74,0.697,0.44,2.08,0.106,48.4,165.6,0.9965,3.23,0.67,10.7,5
8.58,0.377,0.42,3.83,0.035,12.9,46.5,0.9954,3.38,0.59,11.0,7
8.32,0.479,0.66,2.6,0.1018,17.5,62.0,0.9947,2.98,0.72,11.11,6
11.08,0.586,0.46,1.43,0.082,9.1,41.3,0.9968,3.2,0.9,10.24,5
5.87,0.613,0.46,2.14,0.0703,2.7,13.7,0.9949,3.38,0.51,8.4,5
6.11,0.55,0.0,2.78,0.105,21.2,50.8,0.9947,3.39,0.84,9.24,5
5.55,0.607,0.39,2.85,0.0788,2.4,9.3,0.9937,3.34,0.89,10.03,5
8.93,0.758,0.28,2.55,0.041,16.5,79.6,0.9964,3.26,0.54,9.42,6
8.58,0.658,0.19,3.97,0.1966,2.3,27.5,0.9953,3.46,0.43,11.22,6
10.92,0.558,0.36,3.96,0.06,25.8,94.3,0.9958,3.13,0.77,12.61,7
8.71,0.413,0.46,2.2,0.015,4.1,27.8,0.9942,3.41,0.59,11.84,6
7.61,0.419,0.34,1.74,0.0558,10.7,41.4,0.9948,3.25,0.96,9.96,5
8.3,0.652,0.13,2.44,0.0338,12.9,55.9,0.9938,3.4,0.69,12.12,6
8.5,0.639,0.42,3.46,0.1175,9.3,37.5,0.9954,3.3,0.54,10.77,6
5.46,0.74,0.18,0.91,0.0974,7.0,13.3,0.9927,3.49,0.48,10.29,6
12.91,0.387,0.33,8.14,0.1004,9.6,41.8,1.001,3.08,0.87,10.01,6
9.18,0.451,0.24,1.2,0.0697,6.5,26.5,0.9954,3.34,0.58,10.32,6
8.66,0.211,0.25,1.85,0.0733,8.9,47.4,0.9953,2.98,0.69,10.24,6
9.35,0.503,0.39,3.98,0.0747,7.3,26.8,0.9966,3.09,0.8,10.35,5
9.51,0.819,0.02,1.28,0.0913,12.0,49.1,0.996,3.3,0.52,9.89,4
8.06,0.491,0.6,1.87,0.1229,5.3,10.4,0.9949,3.08,0.63,10.18,5
7.23,0.759,0.0,1.11,0.1079,55.7,161.2,0.9941,3.3,0.6,10.16,4
9.32,0.458,0.18,1.65,0.1045,10.3,38.3,0.9944,3.25,0.8,11.82,6
8.96,0.625,0.32,1.19,0.1095,4.6,28.8,0.9945,3.18,0.74,11.12,5
6.92,0.295,0.4,1.58,0.1199,9.8,26.5,0.9949,3.3,0.64,9.14,6
10.71,0.424,0.31,1.6,0.091,26.2,83.5,0.998,3.22,0.73,8.52,7
8.8,0.12,0.24,8.38,0.1039,2.3,20.6,0.9973,3.41,0.58,11.11,5
9.54,0.538,0.32,8.79,0.1371,15.7,59.2,0.9998,3.13,0.39,8.81,5
10.67,0.213,0.25,1.08,0.0579,11.5,40.4,0.9963,3.12,0.72,10.4,6
8.34,0.775,0.5,2.84,0.0553,4.2,8.0,0.9965,3.22,0.96,9.0,5
8.84,0.702,0.4,0.98,0.0421,22.4,82.6,0.9966,2.99,0.49,8.4,5
9.68,0.649,0.41,0.95,0.0968,7.5,53.0,0.9953,3.26,0.51,10.72,5
7.07,0.829,0.08,1.07,0.0154,6.2,27.5,0.9933,3.48,0.49,10.93,5
8.39,0.249,0.32,5.95,0.098,23.1,96.1,0.9966,3.43,0.84,10.5,7
8.51,0.787,0.24,5.14,0.0801,14.2,71.5,0.998,3.19,0.76,8.4,6
6.67,0.648,0.11,1.22,0.1299,29.4,85.0,0.9938,3.24,0.65,10.08,6
12.24,0.37,0.39,1.16,0.0526,13.9,58.1,0.9966,3.12,0.56,11.47,7
5.91,0.683,0.19,1.31,0.0764,18.2,71.3,0.994,3.53,0.7,9.15,6
6.09,0.382,0.37,1.99,0.1344,23.7,105.4,0.9935,3.44,0.37,10.36,5
10.53,0.27,0.14,2.16,0.1348,2.7,24.6,0.9961,3.23,0.74,11.06,7
9.51,0.387,0.6,1.28,0.0573,20.0,66.9,0.9949,3.39,0.83,11.2,6
6.56,0.4,0.13,3.02,0.0918,13.4,62.4,0.9939,3.31,0.47,10.74,6
9.33,0.23,0.37,1.46,0.0913,2.9,14.7,0.9957,3.23,0.46,10.1,7
10.8,0.778,0.39,4.73,0.1044,10.5,53.7,0.9971,3.38,0.91,11.37,5
8.25,0.526,0.15,2.5,0.079,3.0,9.7,0.9955,3.29,0.54,10.02,5
12.72,0.63,0.4,1.76,0.1408,18.0,53.2,0.9982,2.94,0.83,10.15,5
5.37,0.473,0.03,3.24,0.015,11.5,39.1,0.9944,3.38,0.61,9.24,5
9.48,0.18,0.55,3.45,0.0677,38.8,155.6,0.9966,3.14,0.65,10.18,6
10.28,0.456,0.33,1.41,0.0974,4.4,22.9,0.9963,3.25,0.79,10.19,7
9.82,0.405,0.06,1.52,0.1178,13.2,49.5,0.9969,3.13,0.41,9.1,3
7.95,0.478,0.24,5.02,0.1386,4.9,30.3,0.9944,3.36,0.7,12.34,6
7.81,0.337,0.4,1.17,0.1374,13.4,46.4,0.9956,3.25,0.58,8.8,5
9.06,0.908,0.14,0.96,0.0781,17.4,83.7,0.9966,3.02,0.42,8.56,5
9.69,0.725,0.12,1.81,0.1415,17.4,67.7,0.9949,3.28,0.7,11.65,5
9.32,0.588,0.21,3.32,0.0609,22.3,86.9,0.9966,3.28,0.6,9.97,5
10.07,0.625,0.12,3.12,0.1167,25.1,98.1,0.9967,3.28,0.69,10.41,7
6.57,0.426,0.58,4.68,0.1619,3.0,18.1,0.9942,3.32,0.43,11.21,5
7.91,0.582,0.19,2.04,0.1331,7.0,34.2,0.995,3.24,0.95,10.02,6
6.7,0.524,0.44,1.06,0.0887,15.9,71.5,0.9919,3.44,0.83,12.45,6
7.64,0.615,0.29,2.23,0.0762,10.3,34.4,0.9943,3.53,0.8,10.85,5
10.03,0.626,0.15,3.16,0.0184,4.5,13.4,0.9965,3.23,0.67,10.59,7
8.48,0.535,0.33,1.05,0.0919,11.7,61.2,0.9925,3.35,0.43,13.23,7
12.73,0.619,0.39,1.18,0.0449,8.3,34.1,0.9984,3.05,0.97,9.57,5
8.63,0.209,0.26,0.92,0.0528,7.9,47.8,0.994,3.11,0.67,11.37,6
8.4,0.407,0.46,2.25,0.0419,21.9,95.0,0.9951,3.42,0.51,10.47,5
8.48,0.549,0.43,4.17,0.0711,8.3,25.5,0.9951,3.41,0.71,11.48,5
7.22,0.666,0.38,2.57,0.0934,2.3,13.2,0.9937,3.45,0.8,11.29,4
8.2,0.298,0.21,6.93,0.0954,2.7,16.0,0.9967,3.29,0.68,10.66,6
10.22,0.9,0.1,1.0,0.0605,25.3,73.2,0.9964,3.29,0.9,9.87,6
8.49,0.828,0.14,4.4,0.1323,40.8,144.3,0.9959,3.41,0.82,10.63,5
6.95,0.672,0.29,3.42,0.0812,16.0,70.0,0.9953,3.57,0.46,9.5,5
6.73,0.422,0.43,1.47,0.048,7.4,38.9,0.9915,3.51,0.61,13.09,7
7.53,0.534,0.0,6.35,0.0986,35.5,105.3,0.9963,3.36,0.8,10.31,5
8.43,0.408,0.25,1.41,0.168,15.0,45.8,0.9953,3.15,0.33,9.81,5
10.33,0.503,0.32,4.2,0.0979,24.3,91.5,0.997,3.23,0.65,10.81,6
6.02,0.374,0.32,4.09,0.06,19.4,72.3,0.9944,3.45,0.52,10.18,8
7.76,0.359,0.48,3.03,0.0284,7.7,36.4,0.996,3.42,0.56,9.2,5
8.55,0.547,0.37,2.14,0.0757,9.8,38.8,0.9941,3.46,0.63,11.83,6
5.18,0.464,0.53,1.09,0.0939,4.5,32.0,0.9928,3.45,0.62,9.97,6
6.88,0.246,0.21,2.04,0.074,6.1,25.9,0.995,3.63,0.55,9.13,5
7.14,0.344,0.46,1.56,0.0179,20.1,69.7,0.9934,3.16,0.49,11.16,6
6.95,0.5,0.54,3.26,0.0555,28.9,110.0,0.9938,3.43,1.03,11.36,5
8.63,0.811,0.53,3.03,0.1427,17.5,84.5,0.9949,3.2,1.0,11.34,6
8.03,0.585,0.09,4.52,0.1419,9.5,27.2,0.9948,3.09,0.48,11.62,6
7.36,0.263,0.24,0.92,0.049,3.1,12.9,0.9943,3.33,0.95,9.87,6
9.03,0.653,0.19,3.38,0.1164,2.7,18.3,0.9974,3.1,0.57,8.75,5
11.23,0.227,0.38,5.08,0.0374,7.6,33.4,0.9969,3.14,0.7,12.13,6
11.09,0.754,0.37,3.24,0.1457,9.5,28.2,0.9979,3.17,0.63,9.85,5
5.03,0.49,0.1,1.11,0.0993,13.3,55.1,0.9927,3.61,0.53,9.92,5
9.28,0.554,0.26,1.03,0.1275,2.1,22.0,0.9944,3.08,0.81,11.5,5
8.0,0.715,0.0,0.93,0.0159,56.9,193.2,0.9937,3.43,0.7,11.18,6
8.56,0.271,0.55,2.39,0.1116,7.4,39.5,0.9948,3.31,0.6,11.08,6
7.62,0.412,0.12,2.39,0.0942,24.6,103.2,0.9935,3.47,0.38,11.89,4
8.5,0.391,0.3,7.4,0.1186,11.2,48.0,0.9976,3.25,0.53,9.98,6
8.56,0.747,0.19,1.66,0.1261,3.7,34.3,0.9945,3.14,0.36,11.1,5
7.32,0.232,0.5,1.5,0.0871,21.2,71.0,0.9939,3.21,0.68,10.68,6
6.78,0.12,0.0,2.37,0.0655,16.8,50.2,0.994,3.23,0.44,10.44,5
7.54,0.413,0.29,3.52,0.1157,11.0,47.4,0.9937,3.41,0.63,12.15,6
8.7,0.664,0.23,5.04,0.0871,10.7,43.7,0.9963,3.47,0.87,10.68,5
9.32,0.614,0.25,3.34,0.0446,3.1,25.1,0.9953,3.19,0.92,11.61,7
9.75,0.491,0.56,1.73,0.0527,14.8,52.3,0.9952,3.31,0.63,11.25,5
7.46,0.5,0.09,2.41,0.0304,31.1,101.7,0.995,3.17,0.63,9.81,5
8.78,0.766,0.39,3.81,0.0691,3.2,17.4,0.9969,3.31,0.96,9.34,5
9.94,0.12,0.39,1.91,0.1236,5.7,34.7,0.9964,3.31,0.81,10.03,7
10.28,0.344,0.56,1.27,0.0866,29.9,123.6,0.9971,3.04,0.66,9.11,7
8.2,0.602,0.13,1.18,0.0683,6.0,31.8,0.9931,3.29,0.4,12.23,5
7.92,0.566,0.16,0.9,0.1167,14.7,67.4,0.995,3.41,0.75,9.52,6
8.62,0.403,0.49,2.8,0.0512,11.2,50.5,0.9955,2.94,0.82,10.4,6
6.35,0.496,0.37,1.08,0.0883,12.9,56.9,0.9933,3.57,0.57,10.35,6
7.97,0.12,0.01,1.32,0.0773,8.4,50.3,0.9941,3.37,0.73,10.93,6
9.57,0.458,0.15,1.43,0.1207,6.3,38.4,0.9952,3.33,0.58,10.99,5
9.39,0.647,0.32,2.13,0.0264,2.6,20.1,0.9953,3.21,0.61,11.04,5
7.84,0.243,0.48,1.66,0.0455,18.4,63.8,0.9945,3.13,0.33,10.49,7
8.67,0.42,0.21,2.58,0.015,18.4,84.2,0.9951,3.36,0.68,10.91,7
6.9,0.566,0.0,0.99,0.0741,15.3,64.9,0.9932,3.37,0.84,10.91,6
9.5,0.512,0.34,1.1,0.138,14.4,70.9,0.9958,3.25,0.53,9.93,5
8.17,0.599,0.03,1.94,0.0693,5.4,24.4,0.9938,3.45,0.65,11.78,5
7.83,0.326,0.0,1.52,0.0641,2.3,8.0,0.9939,3.42,0.55,11.12,6
7.69,0.375,0.0,1.43,0.1144,21.8,50.3,0.9932,3.57,0.78,11.81,7
8.19,0.514,0.48,1.0,0.1222,10.1,47.3,0.9934,3.33,0.68,11.74,7
7.54,0.517,0.31,4.29,0.081,6.4,24.8,0.9943,3.27,0.52,11.8,6
9.42,0.39,0.25,2.67,0.1119,3.3,26.6,0.9957,3.23,0.91,10.81,6
7.63,0.608,0.5,1.09,0.0464,2.8,20.1,0.9954,3.39,0.8,8.88,5
11.01,0.691,0.36,1.0,0.1446,7.1,34.5,0.9963,3.3,0.54,10.57,5
10.79,0.12,0.62,6.43,0.1654,21.6,69.7,0.9985,3.01,0.8,10.42,7
6.78,0.687,0.04,2.61,0.1053,32.1,121.8,0.9944,3.39,0.77,10.1,6
8.42,0.673,0.16,1.71,0.0161,29.2,106.6,0.9954,3.5,0.67,9.86,3
7.19,0.642,0.0,2.71,0.0672,32.3,116.9,0.9937,3.34,0.35,11.41,5
7.74,0.694,0.25,3.02,0.109,30.6,90.5,0.9948,3.45,0.85,10.65,6
11.7,0.497,0.13,3.17,0.0826,11.0,42.4,0.9985,3.2,0.46,9.58,3
7.78,0.449,0.36,1.87,0.1404,5.0,24.8,0.9934,3.45,0.58,11.88,5
8.91,0.441,0.3,1.74,0.108,21.2,86.5,0.9949,3.18,1.13,10.87,6
9.22,0.357,0.4,0.92,0.0562,4.9,27.8,0.9929,3.17,0.73,13.23,6
6.6,0.785,0.42,4.82,0.0858,5.7,40.1,0.9943,3.4,0.61,11.19,6
6.85,0.424,0.64,2.29,0.0537,5.2,42.8,0.9957,3.2,0.33,8.41,5
6.25,0.396,0.23,1.24,0.0772,10.7,53.2,0.9925,3.38,0.92,11.38,6
6.79,0.605,0.08,4.68,0.0673,6.7,40.6,0.9949,3.42,0.41,10.56,5
4.6,0.366,0.29,4.6,0.1365,4.0,27.4,0.9926,3.71,0.47,11.46,5
9.23,0.423,0.15,7.69,0.1691,9.2,41.8,0.9972,3.31,0.62,11.3,6
11.79,0.544,0.56,4.01,0.0273,26.8,90.4,0.9982,3.21,0.92,10.49,6
8.55,0.433,0.24,10.07,0.015,12.1,49.8,0.9992,3.44,0.81,9.4,6
5.89,0.474,0.19,1.32,0.0747,27.3,75.1,0.993,3.31,0.65,10.42,6
7.21,0.4,0.21,3.67,0.0238,4.6,18.8,0.9954,3.34,0.73,9.77,6
7.52,0.313,0.38,3.5,0.0913,4.2,26.4,0.9957,3.64,0.54,9.59,5
6.57,0.625,0.22,1.29,0.1195,12.3,53.7,0.9932,3.39,0.66,10.76,5
9.76,0.868,0.13,1.06,0.1493,9.5,37.2,0.9945,3.37,0.65,11.84,5
9.68,0.573,0.55,6.73,0.0976,15.0,47.5,0.9977,3.36,0.8,10.57,5
6.34,0.448,0.18,1.43,0.0718,21.0,86.3,0.9938,3.23,0.88,9.88,7
9.53,0.688,0.26,3.97,0.015,18.7,87.1,0.9965,3.29,0.72,10.62,5
10.9,0.194,0.45,0.91,0.0805,36.2,160.4,0.9949,3.2,0.66,12.27,7
11.53,0.779,0.0,0.93,0.0874,8.1,40.0,0.9971,3.19,0.81,10.02,6
13.17,0.524,0.38,1.84,0.1101,4.8,29.3,0.9983,2.98,0.66,10.49,6
6.77,0.767,0.1,1.31,0.0562,11.6,52.1,0.9934,3.25,0.5,10.64,6
13.1,0.365,0.44,2.66,0.0671,3.4,17.7,0.9991,3.01,0.61,9.84,6
7.7,0.799,0.12,2.15,0.0254,6.1,16.8,0.9939,3.33,0.69,11.27,6
7.29,0.702,0.37,1.02,0.015,4.8,34.5,0.9942,3.5,0.79,10.05,5
8.86,0.584,0.49,1.17,0.0402,8.1,37.9,0.9945,3.5,0.65,11.04,6
7.31,0.61,0.41,1.64,0.0267,3.4,12.0,0.995,3.53,0.43,9.29,5
8.98,0.608,0.26,1.21,0.108,2.4,8.0,0.996,3.38,0.61,9.29,4
6.06,0.694,0.25,3.26,0.0638,14.8,52.2,0.9932,3.3,0.7,11.35,6
7.89,0.594,0.15,1.71,0.068,13.3,43.5,0.9951,3.28,0.67,9.8,5
10.49,0.12,0.59,1.05,0.0401,16.8,51.6,0.9942,3.23,0.88,12.8,7
8.2,0.22,0.2,1.89,0.015,15.0,59.9,0.9947,3.24,0.89,10.68,7
8.54,0.378,0.14,1.04,0.1398,3.5,24.3,0.9941,3.37,0.62,11.3,7
9.11,0.623,0.37,1.11,0.0495,6.1,22.7,0.9946,3.36,0.54,11.11,5
10.29,0.64,0.07,1.31,0.078,3.7,17.7,0.9977,3.27,0.42,8.4,4
5.49,0.617,0.16,3.84,0.0213,24.2,79.5,0.9946,3.57,0.84,9.31,7
9.29,0.238,0.0,4.78,0.1284,18.5,49.5,0.9982,3.15,0.89,8.65,5
7.84,0.434,0.24,3.53,0.0852,4.7,29.2,0.9937,3.44,0.67,12.34,7
8.58,0.12,0.32,1.51,0.0464,7.0,28.6,0.9949,3.21,0.68,10.52,7
10.1,0.619,0.33,1.38,0.0688,42.8,158.0,0.9938,3.11,0.93,13.18,6
6.27,0.554,0.42,2.09,0.1566,12.8,36.1,0.9942,3.48,0.73,9.61,5
6.58,0.641,0.34,2.82,0.0866,21.4,80.8,0.9941,3.54,0.71,10.36,5
5.01,0.343,0.26,8.42,0.0772,5.7,27.6,0.9938,3.53,0.48,12.17,6
7.37,0.788,0.21,1.11,0.0518,4.8,31.5,0.9926,3.36,0.76,12.18,5
10.56,0.747,0.34,0.98,0.015,20.4,84.0,0.9947,3.23,0.48,12.24,5
8.1,0.589,0.52,2.68,0.0781,15.9,51.8,0.994,3.34,0.49,11.83,6
6.02,0.388,0.35,3.58,0.0925,15.7,62.6,0.9927,3.29,0.66,12.1,7
7.47,0.589,0.21,3.71,0.1285,11.7,37.9,0.9944,3.2,0.58,11.22,6
5.77,0.37,0.11,2.6,0.015,11.9,77.6,0.9927,3.43,0.64,11.4,6
6.39,0.715,0.0,5.52,0.0445,18.0,53.0,0.9957,3.42,0.4,9.62,5
8.96,0.77,0.41,1.97,0.0613,5.8,37.5,0.9959,3.28,0.84,9.81,6
6.3,0.512,0.47,4.58,0.0744,7.2,17.0,0.9937,3.49,0.95,11.52,8
10.19,0.446,0.35,6.05,0.0837,26.6,109.9,0.9983,3.19,0.33,10.0,5
8.18,0.551,0.27,3.72,0.0796,6.4,43.4,0.9958,3.38,0.85,10.17,6
8.45,0.19,0.58,1.46,0.0958,11.5,37.5,0.9938,3.29,0.58,11.77,7
7.83,0.587,0.2,1.23,0.0484,16.6,64.0,0.9934,3.55,0.83,11.58,6
9.61,0.567,0.46,2.09,0.1219,68.0,233.6,0.9957,3.25,0.67,10.71,6
9.63,0.172,0.28,1.81,0.1018,8.9,17.3,0.9945,3.52,0.68,12.1,6
8.87,0.372,0.14,4.05,0.0767,8.7,29.3,0.9973,3.32,0.61,9.03,5
9.26,0.522,0.36,1.06,0.1535,24.2,93.2,0.9956,3.24,0.85,9.98,5
7.94,0.439,0.36,1.35,0.1468,21.6,93.3,0.9949,3.22,0.47,9.91,6
9.22,0.284,0.35,2.99,0.1218,17.8,65.9,0.9973,3.09,0.78,8.76,6
7.73,0.476,0.34,1.05,0.015,9.5,51.6,0.9937,3.22,0.91,10.99,7
8.3,0.453,0.32,1.48,0.1427,6.7,31.2,0.9943,3.2,0.84,10.95,7
7.83,0.457,0.72,1.63,0.1163,13.3,39.5,0.9931,3.38,1.08,12.14,6
7.52,0.362,0.5,2.36,0.1648,27.1,109.2,0.9939,3.29,0.59,11.26,6
7.13,0.668,0.42,1.16,0.134,27.8,117.0,0.9945,3.39,0.84,9.6,6
9.1,0.771,0.31,3.86,0.1476,3.4,8.0,0.9946,3.42,0.66,12.48,6
10.53,0.408,0.47,1.79,0.1196,8.7,37.6,0.9953,3.19,0.89,11.85,6
10.29,0.386,0.38,4.63,0.1384,9.5,56.9,0.9968,3.46,0.68,11.21,6
6.16,0.494,0.33,1.85,0.1593,47.6,186.0,0.9931,3.28,0.65,10.85,7
10.49,0.509,0.2,1.38,0.0982,15.6,61.6,0.9972,3.18,0.86,9.22,5
7.76,0.546,0.24,1.13,0.0266,8.3,41.3,0.9947,3.27,0.56,9.8,5
9.32,0.696,0.0,0.91,0.0772,2.3,17.8,0.9946,3.37,0.4,11.26,5
6.76,0.165,0.33,2.04,0.1001,12.0,35.1,0.9922,3.12,0.59,12.51,6
8.54,0.874,0.12,1.07,0.0975,3.2,18.8,0.9941,3.12,0.71,11.27,4
8.83,0.502,0.58,1.65,0.0346,23.6,92.6,0.9954,3.27,0.92,10.14,6
5.78,0.42,0.29,2.23,0.0193,18.8,84.4,0.994,3.62,0.7,9.51,6
9.33,0.555,0.04,1.38,0.0599,9.4,26.0,0.9955,3.29,0.86,10.32,5
10.59,0.484,0.28,1.19,0.1168,8.7,27.4,0.9975,3.03,0.45,8.86,6
8.0,0.356,0.02,3.14,0.1577,29.3,90.7,0.9955,3.18,0.52,10.05,4
10.61,0.904,0.3,5.3,0.1312,6.1,39.6,0.9986,3.4,0.55,9.58,4
7.98,0.497,0.34,1.06,0.1268,5.4,27.6,0.9946,3.25,0.66,10.16,6
9.74,0.645,0.42,1.15,0.0863,35.6,124.5,0.9971,3.12,0.65,8.58,5
4.6,0.732,0.11,5.73,0.0198,21.9,64.6,0.9937,3.67,0.76,10.69,5
12.41,0.316,0.3,0.96,0.0663,22.6,90.3,0.9977,3.23,0.6,10.09,6
10.84,0.57,0.04,6.6,0.0741,4.6,41.9,0.9994,3.34,0.7,9.46,6
7.82,0.525,0.38,0.91,0.0696,3.9,25.2,0.9958,3.22,0.63,8.4,5
4.95,0.634,0.38,4.0,0.0867,2.3,21.5,0.9933,3.29,0.52,10.6,6
8.79,0.208,0.34,1.45,0.1072,5.2,21.1,0.9939,3.3,0.62,11.95,5
5.85,0.553,0.25,5.09,0.1236,19.9,73.0,0.9934,3.47,0.62,11.84,5
9.06,0.388,0.36,1.47,0.0734,5.3,27.0,0.9955,3.32,0.65,10.17,6
9.0,0.563,0.58,2.49,0.015,17.7,66.4,0.996,3.45,0.69,10.02,6
6.7,0.57,0.24,1.03,0.0652,5.5,25.8,0.9929,3.18,0.69,11.09,6
10.21,0.37,0.31,1.32,0.0862,8.0,22.9,0.9967,3.32,0.61,9.63,6
9.67,0.289,0.13,3.13,0.1284,51.0,213.5,0.9956,3.11,0.94,11.38,7
9.96,0.471,0.13,2.03,0.0618,5.4,34.7,0.9954,3.33,0.48,11.39,6
8.32,0.418,0.27,4.85,0.11,7.7,36.2,0.9953,3.25,0.52,11.4,5
5.89,0.633,0.49,1.74,0.0961,6.3,34.8,0.9931,3.33,1.15,10.52,6
9.96,0.507,0.2,3.96,0.0913,3.4,19.5,0.9973,3.15,0.46,9.97,5
7.84,0.12,0.21,1.79,0.1267,10.1,46.6,0.9955,3.16,0.41,9.3,5
5.94,0.506,0.18,6.71,0.0631,7.7,30.7,0.9961,3.43,0.76,9.35,5
10.6,0.473,0.11,5.72,0.0715,16.2,72.2,0.9988,3.1,0.33,9.5,4
11.87,0.133,0.38,1.5,0.079,22.4,88.1,0.9965,3.23,0.68,11.44,7
8.23,0.28,0.02,4.16,0.0589,11.4,43.7,0.9949,3.39,1.04,11.54,6
11.97,0.509,0.52,3.72,0.1048,2.4,22.8,0.9987,3.33,0.42,9.82,6
8.46,0.796,0.13,1.25,0.061,13.6,51.2,0.9938,3.35,0.33,11.67,5
7.65,0.623,0.38,2.37,0.0986,2.7,15.9,0.9951,3.4,0.39,9.9,5
7.23,0.467,0.02,1.01,0.0855,13.5,62.0,0.994,3.53,0.79,10.15,5
11.08,0.648,0.37,3.62,0.0981,15.9,67.0,0.9984,3.1,0.83,9.43,5
6.97,0.412,0.41,1.19,0.0661,4.6,33.0,0.9953,3.2,0.59,8.4,6
9.55,0.372,0.36,1.01,0.0709,22.5,71.6,0.9946,3.27,0.8,11.51,6
7.35,0.294,0.11,1.67,0.0883,31.0,84.5,0.9934,3.19,0.92,11.36,6
7.52,0.272,0.29,2.19,0.0976,22.1,77.9,0.9949,3.64,0.94,9.89,5
10.05,0.344,0.12,3.8,0.0793,6.4,21.1,0.9963,3.4,0.68,11.14,7
7.65,0.517,0.24,6.39,0.1527,12.6,58.9,0.9957,3.6,0.33,11.14,6
7.61,0.474,0.48,1.77,0.0449,31.6,76.7,0.9955,3.35,0.54,9.06,6
10.23,0.419,0.43,0.99,0.0819,6.6,24.7,0.9962,3.28,0.61,10.1,6
11.02,0.409,0.25,2.97,0.0266,22.6,63.7,0.9968,3.12,0.6,10.97,5
9.4,0.673,0.07,2.15,0.1044,2.1,38.6,0.997,3.36,0.61,8.92,5
7.19,0.346,0.37,1.79,0.0449,2.0,8.0,0.9941,3.22,0.83,10.47,5
7.43,0.622,0.29,1.46,0.0734,19.1,79.4,0.9951,3.05,0.9,9.27,6
8.44,0.48,0.0,1.95,0.0796,19.2,72.6,0.9952,3.21,0.57,10.19,4
8.85,0.442,0.39,1.52,0.1007,20.7,82.4,0.9954,3.11,0.83,10.14,5
6.62,0.321,0.25,3.02,0.0674,33.9,129.5,0.9957,3.57,0.7,8.56,5
9.53,0.485,0.47,2.08,0.0657,3.5,16.6,0.9951,3.47,0.65,11.34,5
8.45,0.656,0.09,4.04,0.1419,5.2,38.9,0.9963,3.13,0.83,9.89,6
5.38,0.578,0.0,2.08,0.0959,30.1,113.1,0.9934,3.61,0.69,9.81,6
6.72,0.656,0.34,1.31,0.0621,4.3,24.7,0.9933,3.5,1.03,10.83,6
7.44,0.659,0.3,3.76,0.0795,15.8,69.6,0.9944,3.16,0.4,11.32,5
8.18,0.302,0.0,2.12,0.1503,11.1,36.8,0.9956,3.27,0.59,9.61,6
11.51,0.434,0.11,1.25,0.0751,3.0,14.3,0.9967,3.08,0.66,10.69,6
8.7,0.437,0.75,2.37,0.0619,6.0,39.3,0.9953,3.38,0.71,10.6,5
6.87,0.796,0.19,1.56,0.0621,10.8,56.2,0.9934,3.23,0.86,10.87,5
8.68,0.367,0.38,3.69,0.0675,25.0,97.1,0.996,3.28,0.64,10.35,5
7.7,0.642,0.17,1.81,0.0607,16.8,70.3,0.9946,3.26,0.44,10.26,6
8.85,0.642,0.0,2.84,0.0333,13.7,53.7,0.9962,3.34,0.82,9.8,6
9.29,0.881,0.22,1.05,0.0445,10.2,46.1,0.9954,3.23,0.77,10.26,5
10.36,0.5,0.2,1.66,0.0563,6.3,29.2,0.9973,3.14,0.33,9.1,5
8.26,0.611,0.22,7.03,0.1082,3.5,28.8,0.9986,3.29,0.68,8.4,6
11.09,0.878,0.27,3.38,0.0693,8.3,23.2,0.997,3.42,0.41,11.06,6
9.84,0.385,0.34,1.16,0.0762,2.3,8.8,0.9948,3.18,0.57,11.53,6
7.1,0.229,0.26,1.39,0.1353,4.8,37.8,0.9955,3.25,0.53,8.4,6
12.06,0.25,0.02,1.5,0.1413,8.8,26.6,0.9984,3.19,0.78,9.17,5
8.86,0.691,0.34,2.48,0.0782,8.5,21.2,0.9953,3.26,0.66,10.79,5
6.88,0.17,0.0,3.02,0.0593,2.5,15.4,0.9926,3.21,0.46,12.68,6
11.11,0.587,0.0,2.98,0.0599,12.7,35.3,0.9979,3.44,0.75,9.75,4
11.83,0.564,0.42,1.97,0.1122,11.6,53.8,0.9979,3.09,0.44,9.9,6
8.24,0.441,0.42,3.4,0.0713,3.0,27.1,0.9951,3.27,0.78,10.89,7
7.44,0.562,0.28,1.76,0.069,36.4,138.3,0.993,3.37,0.54,12.0,6
8.01,0.608,0.0,1.1,0.057,3.3,28.3,0.9951,3.53,0.58,9.53,5
9.52,0.707,0.16,2.15,0.0537,25.2,95.8,0.9964,3.05,0.77,9.83,6
10.47,0.408,0.2,5.46,0.1023,2.0,10.7,0.9985,3.23,0.73,9.69,5
9.27,0.375,0.0,3.26,0.0319,27.7,105.4,0.9968,3.51,0.91,9.67,6
8.47,0.279,0.2,2.2,0.1193,2.2,9.0,0.9946,3.32,0.71,11.2,7
10.85,0.711,0.37,2.46,0.0681,19.0,71.0,0.9958,3.03,0.69,11.8,5
7.77,0.563,0.59,4.9,0.0735,7.4,43.7,0.995,3.26,0.65,11.4,7
10.05,0.487,0.25,1.74,0.026,18.1,63.9,0.9958,3.25,0.75,10.82,7
7.81,0.771,0.39,1.5,0.089,8.2,44.1,0.9949,3.49,0.71,9.88,5
9.03,0.37,0.0,6.57,0.0764,2.9,8.0,0.9988,3.23,0.62,8.61,5
8.11,0.853,0.37,3.89,0.0875,19.5,78.5,0.9951,3.42,0.33,11.06,5
8.21,0.909,0.07,1.49,0.1534,2.9,8.0,0.9953,3.14,0.66,9.65,4
7.66,0.695,0.31,1.83,0.0966,32.6,112.2,0.9948,3.17,0.7,9.99,5
10.59,0.793,0.25,1.7,0.0527,2.6,25.5,0.9937,3.14,0.56,13.82,6
7.05,0.288,0.49,1.14,0.061,9.8,39.6,0.9937,3.54,0.42,10.47,5
7.04,0.481,0.09,5.65,0.1133,17.4,61.2,0.9964,3.38,0.89,9.42,5
11.91,0.365,0.4,1.68,0.1364,8.0,31.2,0.9975,3.16,0.76,10.2,6
9.96,0.773,0.16,4.02,0.1058,4.9,10.0,0.9966,3.26,0.56,10.87,4
4.6,0.311,0.26,1.21,0.112,19.1,81.6,0.9918,3.63,0.49,10.74,6
7.34,0.699,0.22,2.09,0.1139,20.4,91.3,0.9957,3.28,0.5,8.74,5
5.22,0.803,0.1,0.94,0.1463,32.7,84.0,0.9919,3.55,0.86,11.09,5
6.68,0.608,0.29,3.07,0.015,7.7,49.1,0.9946,3.29,0.7,9.96,6
4.6,0.538,0.28,2.2,0.1112,10.5,37.2,0.9908,3.73,0.59,12.5,6
8.07,0.242,0.37,2.37,0.1188,7.4,28.8,0.9936,3.23,0.81,12.16,7
6.36,0.346,0.31,0.98,0.031,5.6,13.3,0.9934,3.3,0.54,10.18,6
8.4,0.702,0.43,1.26,0.0491,18.7,60.1,0.9936,3.37,0.94,11.91,6
5.54,0.702,0.42,1.02,0.0555,7.0,24.6,0.9928,3.46,0.87,10.24,5
8.44,0.563,0.06,1.41,0.0603,8.7,18.9,0.9944,3.34,0.56,11.03,5
7.59,0.419,0.45,2.38,0.0652,8.2,25.3,0.9941,3.37,0.57,11.11,6
10.85,0.146,0.08,2.15,0.0942,17.0,61.7,0.9973,3.05,0.33,9.78,6
10.7,0.148,0.48,2.32,0.1091,32.0,127.5,0.9964,3.38,0.51,10.88,8
9.64,0.895,0.36,2.1,0.1328,15.2,50.4,0.9953,3.35,0.41,11.2,5
7.74,0.352,0.0,1.38,0.056,9.7,35.0,0.9948,3.5,0.66,9.84,5
11.68,0.522,0.31,1.32,0.0507,20.1,79.8,0.9972,3.08,0.62,10.22,6
5.66,0.741,0.17,1.12,0.1421,14.3,61.1,0.9937,3.49,0.41,9.22,5
5.91,0.197,0.19,3.74,0.1054,2.8,22.7,0.9931,3.45,0.67,11.5,7
8.16,0.521,0.53,2.34,0.0878,3.2,19.7,0.9932,3.45,0.77,12.69,6
12.13,0.729,0.13,1.21,0.1084,2.5,23.4,0.9984,3.26,0.73,9.11,5
7.96,0.492,0.14,1.19,0.0833,9.3,35.9,0.9942,3.35,0.36,10.65,6
7.99,0.978,0.3,4.0,0.1055,23.0,88.5,0.9943,3.14,0.66,12.04,6
5.85,0.286,0.37,2.94,0.0761,6.5,30.4,0.9939,3.65,0.4,10.1,5
9.91,0.59,0.3,2.52,0.0903,7.8,19.5,0.9954,3.3,0.87,11.53,7
9.92,0.461,0.5,1.68,0.0241,30.8,89.3,0.9967,3.16,0.81,9.56,6
9.64,0.621,0.39,1.36,0.057,23.8,62.5,0.9951,3.29,0.53,11.05,6
7.23,0.645,0.0,6.73,0.0624,15.1,66.2,0.9965,3.18,0.51,9.99,5
7.1,0.285,0.23,3.29,0.0645,5.7,17.4,0.9933,3.5,0.64,12.06,7
6.1,0.609,0.15,1.44,0.0524,3.5,35.4,0.9925,3.24,0.33,11.36,5
8.44,0.334,0.3,3.72,0.0732,2.2,17.7,0.9942,3.28,0.66,12.31,4
6.46,0.513,0.0,3.03,0.0189,3.4,25.3,0.9931,3.43,0.67,11.65,7
6.3,0.621,0.71,1.43,0.1114,6.2,22.1,0.9933,3.53,0.8,10.5,5
7.58,0.679,0.35,1.73,0.0862,11.6,56.5,0.9944,3.36,0.45,10.37,5
7.47,0.59,0.36,1.21,0.015,2.8,22.3,0.9938,3.43,0.61,10.72,7
7.39,0.472,0.54,1.08,0.0461,3.8,29.0,0.9932,3.35,0.46,11.41,7
9.09,0.515,0.71,2.82,0.098,4.4,33.5,0.9959,3.27,0.51,10.33,6
8.43,0.34,0.45,1.37,0.0628,14.0,56.2,0.9945,3.31,0.48,10.79,6
7.81,0.449,0.42,3.47,0.0616,13.5,59.9,0.9944,3.31,0.81,11.49,5
8.61,0.772,0.27,9.04,0.0865,11.6,36.4,0.999,3.09,0.52,9.17,5
6.61,0.814,0.22,1.02,0.1032,5.5,28.3,0.9927,3.3,0.66,11.31,5
8.48,0.45,0.2,1.86,0.027,7.6,38.1,0.9938,3.33,0.62,11.94,6
8.56,0.498,0.14,3.33,0.1065,3.2,31.9,0.9956,3.27,0.46,10.51,6
5.74,0.336,0.17,3.23,0.0525,5.1,23.7,0.9952,3.42,0.65,8.5,6
9.99,0.689,0.05,3.04,0.0838,29.4,104.5,0.9969,3.19,0.78,10.02,6
6.8,0.683,0.24,1.54,0.0881,48.8,127.3,0.9929,3.28,0.43,11.47,5
8.45,0.82,0.0,1.81,0.0634,14.5,71.6,0.9949,3.24,0.82,10.6,6
10.28,0.421,0.28,2.26,0.0486,31.8,86.3,0.9975,3.17,0.5,9.18,5
9.87,0.426,0.28,6.37,0.0731,14.4,51.2,0.9981,3.23,0.6,10.12,6
8.36,0.609,0.28,1.5,0.1545,2.4,17.7,0.9943,3.35,0.73,11.02,5
7.68,0.52,0.24,4.75,0.025,68.0,188.7,0.9947,3.32,0.61,11.62,7
9.91,0.533,0.8,1.37,0.1572,3.3,21.7,0.9962,3.11,0.65,9.94,5
9.45,0.422,0.49,7.67,0.0791,15.8,67.2,0.9985,3.08,0.59,9.81,5
7.25,0.72,0.03,2.56,0.0909,5.5,8.0,0.995,3.67,0.66,9.78,5
6.95,0.613,0.33,1.83,0.041,8.0,34.8,0.9945,3.24,0.33,9.7,6
4.78,0.334,0.18,2.33,0.0536,14.5,33.1,0.9912,3.42,0.37,12.24,6
8.56,0.8,0.07,1.38,0.0694,8.9,47.7,0.9954,3.36,0.74,9.85,5
8.16,0.769,0.01,1.38,0.0477,5.5,23.7,0.9939,3.36,0.82,11.39,5
10.23,0.513,0.37,1.08,0.0761,6.9,13.8,0.9946,3.28,0.53,12.15,6
8.91,0.584,0.13,1.08,0.0732,7.0,28.8,0.9944,3.23,0.6,11.17,5
10.57,0.584,0.46,1.54,0.1585,40.4,111.5,0.9966,3.23,0.73,10.19,6
7.11,0.344,0.47,3.06,0.0379,21.2,95.0,0.9941,3.38,0.8,11.03,6
10.23,0.575,0.5,2.3,0.0936,9.4,46.8,0.9967,3.18,0.33,10.15,5
7.4,0.204,0.1,1.06,0.0994,4.7,30.4,0.9949,3.38,0.49,9.27,5
9.62,0.479,0.46,3.77,0.0317,22.0,98.9,0.9955,3.37,0.7,11.85,8
5.82,0.305,0.36,2.28,0.117,4.1,21.1,0.9945,3.43,0.76,9.0,5
8.7,0.826,0.16,5.76,0.0736,4.8,35.2,0.996,3.29,1.06,11.36,5
4.93,0.434,0.15,2.56,0.015,7.5,37.0,0.993,3.61,0.64,10.16,6
7.85,0.374,0.62,1.19,0.1059,27.5,91.7,0.9936,3.45,0.48,11.28,7
9.05,0.223,0.41,1.86,0.0298,3.7,31.0,0.9943,3.46,0.83,11.81,8
7.41,0.441,0.4,2.47,0.0426,3.6,12.8,0.9946,3.14,0.9,10.37,6
6.51,0.811,0.1,0.94,0.117,10.2,52.6,0.993,3.51,0.66,10.76,5
9.74,0.147,0.03,0.92,0.0756,5.9,18.8,0.9961,3.31,0.49,9.7,5
8.12,0.707,0.19,1.11,0.1212,12.1,42.8,0.9936,3.21,0.84,11.5,6
7.47,0.547,0.27,1.33,0.1329,9.2,57.8,0.995,3.38,0.79,9.28,6
8.37,0.365,0.06,1.74,0.0637,8.9,40.1,0.995,3.43,0.47,10.3,5
12.78,0.227,0.33,1.9,0.1112,3.4,19.6,0.996,2.99,0.78,13.01,7
10.26,0.855,0.0,1.12,0.0593,3.8,25.3,0.997,3.27,0.81,9.17,5
10.28,0.329,0.09,2.58,0.1738,22.6,77.2,0.997,3.32,0.88,9.95,6
9.04,0.454,0.33,2.26,0.0668,28.0,91.8,0.9957,3.14,0.59,10.24,4
8.58,0.683,0.4,1.42,0.1255,5.2,27.4,0.9946,3.28,0.62,10.8,6
4.6,0.628,0.18,0.92,0.1233,3.4,16.5,0.9919,3.53,0.85,10.53,5
7.15,0.411,0.07,1.02,0.1021,2.7,13.2,0.9936,3.27,0.43,10.66,5
7.48,0.607,0.07,1.65,0.0627,13.2,35.6,0.9939,3.25,0.71,10.81,5
5.11,0.316,0.22,1.15,0.0784,17.1,49.6,0.9914,3.45,0.45,11.73,6
6.33,0.677,0.41,1.61,0.015,7.6,25.0,0.9929,3.5,0.86,11.03,6
4.93,0.67,0.46,2.38,0.0935,15.7,66.5,0.9928,3.56,0.64,10.38,6
8.23,0.5,0.24,2.09,0.0935,17.0,58.3,0.9939,3.21,0.94,11.75,7
9.69,0.631,0.04,1.29,0.0948,34.9,128.4,0.9943,3.32,0.72,12.07,5
10.18,0.869,0.3,1.53,0.015,2.8,10.6,0.9964,3.12,0.43,10.04,5
9.01,0.41,0.18,2.33,0.0289,4.6,26.4,0.9959,3.08,0.96,10.1,7
6.66,0.369,0.16,3.86,0.0596,2.9,25.7,0.9939,3.35,0.9,11.28,5
5.02,0.486,0.57,3.0,0.0912,26.3,81.4,0.9926,3.61,0.87,10.95,7
5.31,1.005,0.36,2.11,0.1061,20.9,66.6,0.9945,3.54,0.47,8.4,4
6.14,0.237,0.36,1.57,0.0727,12.3,56.6,0.9921,3.42,0.67,11.92,7
6.79,0.509,0.02,1.58,0.1149,3.0,22.4,0.9944,3.34,0.66,9.64,5
8.03,0.481,0.37,4.07,0.0385,5.8,25.2,0.9952,3.28,0.6,10.98,7
6.58,0.481,0.48,0.96,0.1089,6.2,23.3,0.9929,3.41,0.97,10.96,6
8.88,0.163,0.3,7.53,0.0935,11.9,24.2,0.9966,3.15,0.78,11.72,8
7.91,0.761,0.49,2.54,0.1046,5.6,28.5,0.9945,3.29,0.33,10.88,5
8.32,0.884,0.52,2.61,0.0772,2.9,8.7,0.9954,3.28,0.74,10.19,6
10.24,0.443,0.63,0.96,0.1527,17.7,73.2,0.995,3.05,0.66,11.59,7
6.29,0.336,0.34,2.3,0.1042,6.3,35.3,0.9937,3.31,0.67,10.37,6
9.01,0.227,0.4,1.89,0.0458,9.2,43.1,0.9947,3.32,0.62,11.36,6
8.28,0.534,0.54,1.07,0.0944,3.6,32.5,0.9939,3.31,0.82,11.24,6
7.73,0.758,0.33,1.39,0.1196,21.5,56.1,0.9953,3.3,0.83,9.24,5
9.8,0.571,0.2,4.22,0.061,12.0,53.0,0.9959,3.13,0.73,11.71,6
9.79,0.49,0.21,2.1,0.1281,29.8,99.9,0.9963,3.42,0.62,10.09,6
6.69,0.31,0.37,1.7,0.0948,10.2,54.0,0.9926,3.29,0.71,11.88,7
7.99,0.384,0.02,1.01,0.015,36.0,122.4,0.9943,3.36,0.64,10.54,5
8.78,0.712,0.22,2.78,0.1015,28.7,113.3,0.9943,3.23,0.5,12.01,5
7.84,0.565,0.53,2.72,0.0633,12.3,35.1,0.9946,3.34,0.82,10.85,7
9.29,0.147,0.0,2.33,0.101,34.6,131.8,0.9956,3.32,0.8,10.73,7
8.78,0.84,0.53,1.97,0.1273,6.7,31.3,0.9955,3.12,0.9,10.16,5
11.42,0.588,0.49,1.75,0.0923,7.5,20.5,0.9971,3.15,0.89,10.32,6
5.7,0.808,0.17,2.25,0.1561,2.6,8.0,0.9928,3.58,0.52,10.97,5
8.09,0.342,0.35,1.3,0.0824,12.7,41.6,0.996,3.53,0.78,8.56,5
6.76,0.258,0.29,5.15,0.1095,17.4,64.6,0.9958,3.37,0.52,9.57,6
9.33,0.545,0.47,2.23,0.1217,19.8,68.6,0.9968,3.26,0.76,9.11,5
5.55,0.575,0.47,1.46,0.0806,3.9,25.7,0.9919,3.71,0.59,11.58,6
8.89,0.875,0.0,1.8,0.1207,9.0,36.0,0.9941,3.42,0.47,11.89,5
7.23,0.53,0.44,3.36,0.0557,4.3,16.9,0.9943,3.29,0.77,10.97,7
7.05,0.289,0.33,1.16,0.0576,15.0,53.2,0.993,3.3,0.33,11.36,8
5.84,0.316,0.3,1.42,0.032,4.1,14.1,0.9928,3.55,0.38,10.7,6
7.51,0.699,0.16,2.61,0.0942,30.1,81.8,0.9936,3.23,0.65,11.79,6
10.14,0.406,0.56,1.47,0.1025,5.1,21.5,0.997,3.35,0.65,9.25,5
8.26,0.767,0.48,3.26,0.1317,6.1,36.5,0.9951,3.35,0.62,10.86,6
9.37,0.442,0.16,1.11,0.1161,24.8,98.5,0.9944,3.32,0.41,11.6,6
11.13,0.84,0.01,3.06,0.0781,9.4,40.3,0.9972,3.14,0.5,10.68,5
8.75,0.525,0.26,1.01,0.0324,2.3,8.6,0.9942,3.21,0.79,11.26,7
7.35,0.467,0.37,0.92,0.1018,10.2,35.4,0.9929,3.53,0.78,11.63,6
9.09,0.322,0.37,4.33,0.1239,3.1,8.0,0.9981,3.24,0.72,8.4,7
7.37,0.432,0.52,2.21,0.1147,52.7,164.4,0.9937,3.31,0.88,11.3,6
7.44,0.563,0.43,1.55,0.1279,12.6,56.3,0.9946,3.34,0.75,9.97,6
5.72,0.583,0.42,1.3,0.081,5.6,16.8,0.9945,3.46,0.51,8.4,5
9.87,0.309,0.39,2.34,0.0608,12.0,37.3,0.9953,3.11,0.67,11.59,7
7.64,0.382,0.08,1.97,0.05,3.0,15.8,0.9929,3.28,0.48,12.45,7
8.61,0.583,0.21,8.07,0.0873,21.3,78.8,0.9979,3.22,0.62,10.04,5
6.54,0.288,0.4,7.03,0.0914,33.1,68.9,0.9955,3.5,0.79,10.68,4
9.04,0.648,0.24,2.41,0.0978,26.9,115.8,0.9946,3.17,0.76,11.79,5
7.0,0.323,0.38,1.78,0.0793,7.0,44.2,0.9928,3.16,0.92,11.94,6
8.06,0.134,0.31,1.91,0.0692,6.7,25.2,0.9926,3.09,0.71,13.16,8
9.79,0.283,0.06,2.62,0.0584,2.4,17.4,0.9959,3.06,0.87,10.92,5
9.64,0.185,0.27,1.06,0.1222,14.6,72.4,0.9953,3.41,0.65,10.7,6
8.26,0.34,0.31,1.5,0.0926,11.2,47.5,0.9962,3.31,0.89,8.57,5
5.29,0.289,0.21,1.02,0.0725,9.4,37.4,0.9921,3.52,0.72,10.83,7
13.39,0.822,0.25,1.01,0.0546,30.6,82.5,0.9987,3.12,0.8,9.78,6
11.27,0.401,0.12,1.23,0.0312,4.2,18.8,0.9948,3.17,0.93,12.8,6
9.53,0.52,0.49,1.9,0.1368,2.1,28.4,0.9958,3.24,0.65,10.45,6
7.02,0.638,0.2,3.2,0.1117,2.9,16.8,0.9947,3.5,0.68,10.3,5
8.11,0.592,0.51,1.9,0.0245,5.0,8.0,0.9946,3.34,0.86,10.73,5
7.38,0.557,0.53,1.51,0.12,2.4,14.7,0.9943,3.52,0.62,10.22,5
10.45,0.207,0.32,1.03,0.1164,10.4,41.8,0.9942,3.28,0.5,12.77,7
8.75,0.737,0.11,2.1,0.0895,6.5,30.3,0.9957,3.21,1.04,10.0,6
6.97,0.637,0.0,1.37,0.1384,4.4,18.8,0.9928,3.32,0.68,11.72,8
7.5,0.12,0.11,2.33,0.0832,18.6,89.7,0.9943,3.26,0.79,10.78,8
10.21,0.316,0.04,6.57,0.0278,4.7,28.6,0.999,3.36,0.88,9.3,6
11.02,0.442,0.54,1.08,0.0991,16.0,60.3,0.9968,3.13,0.58,10.01,6
10.9,0.246,0.35,1.26,0.0893,7.2,32.5,0.996,3.08,0.55,11.04,7
9.59,0.576,0.36,1.86,0.0604,10.6,41.1,0.996,3.28,0.72,10.2,6
7.87,0.446,0.0,6.09,0.1124,34.6,126.7,0.9971,3.32,0.34,9.48,5
4.6,0.938,0.03,3.12,0.0228,2.5,20.4,0.9942,3.53,0.59,8.77,5
8.81,0.772,0.41,4.33,0.1291,10.3,39.2,0.9965,3.51,0.68,10.09,5
8.3,0.446,0.38,1.51,0.0444,25.1,106.1,0.9955,3.42,0.67,9.57,7
8.54,0.665,0.26,8.15,0.0451,12.6,34.8,0.9968,3.3,0.42,11.39,6
8.39,0.758,0.35,1.06,0.0849,5.9,29.5,0.9948,3.14,0.91,10.26,5
6.05,0.394,0.58,0.98,0.1018,8.1,34.6,0.994,3.36,0.7,9.17,6
9.25,0.351,0.25,3.8,0.0911,15.7,71.5,0.9964,3.35,0.92,10.32,6
9.37,0.583,0.26,4.83,0.0598,28.6,113.8,0.9977,3.12,0.6,9.42,5
9.46,0.716,0.28,1.04,0.0693,2.5,25.3,0.9953,3.51,0.49,10.49,5
9.91,0.514,0.72,1.08,0.0392,2.9,27.3,0.9945,3.23,0.73,11.97,6
9.33,0.222,0.0,0.95,0.0755,6.7,17.4,0.9966,3.26,0.64,8.75,6
7.6,0.354,0.41,1.07,0.1275,5.2,29.3,0.9939,3.26,0.48,10.74,6
8.18,0.477,0.27,1.25,0.0843,5.7,35.0,0.9946,3.38,0.93,10.46,6
8.45,0.477,0.39,6.16,0.1189,5.0,26.5,0.996,3.16,0.57,11.3,6
8.48,0.825,0.17,2.55,0.1427,4.6,29.2,0.995,3.56,0.37,10.84,6
10.0,0.254,0.28,3.16,0.061,3.7,26.2,0.9971,3.38,0.91,9.87,6
9.39,0.496,0.46,3.15,0.072,34.6,139.2,0.9959,3.37,0.63,10.76,7
11.83,0.823,0.81,2.05,0.1763,3.9,22.7,0.9983,2.97,0.54,9.38,5
12.05,0.956,0.4,3.3,0.1473,4.7,29.4,0.9975,3.15,0.34,11.25,5
8.44,0.581,0.06,2.26,0.0276,5.4,26.4,0.9957,3.45,0.9,9.75,4
4.6,0.574,0.21,1.47,0.1,34.4,100.8,0.9905,3.57,0.46,12.53,6
10.4,0.587,0.21,2.14,0.0845,18.9,72.8,0.9964,3.08,0.69,10.56,6
7.38,0.523,0.0,2.04,0.1176,20.7,61.3,0.9948,3.28,0.84,9.92,6
6.94,0.553,0.19,3.5,0.0597,3.3,33.9,0.996,3.32,0.71,8.66,5
7.62,0.644,0.38,6.9,0.0559,23.7,83.7,0.9981,3.27,0.63,8.4,5
7.54,0.22,0.0,1.69,0.0675,8.3,38.4,0.9959,3.53,0.33,8.4,4
9.34,0.686,0.44,3.06,0.0666,5.7,31.7,0.9961,3.03,0.5,10.44,5
5.65,0.511,0.38,1.06,0.1171,12.3,56.1,0.9922,3.52,0.71,11.13,6
6.47,0.532,0.12,3.15,0.0423,22.7,99.6,0.9956,3.25,0.51,8.59,5
8.88,0.918,0.22,1.6,0.0646,20.1,81.8,0.9947,3.17,0.67,11.07,5
9.36,0.295,0.62,0.96,0.015,28.5,96.2,0.9952,3.02,0.84,10.59,7
9.39,0.501,0.38,1.58,0.1298,33.6,110.8,0.9956,3.19,0.8,10.32,5
6.96,0.829,0.29,2.31,0.1353,5.3,27.9,0.9927,3.56,0.47,12.24,6
6.64,0.349,0.25,1.09,0.0714,8.6,41.3,0.9926,3.42,1.05,11.52,6
7.44,0.476,0.26,4.77,0.0776,2.2,19.9,0.9959,3.21,0.77,9.91,5
8.71,0.465,0.2,1.02,0.1026,27.4,97.3,0.9954,3.41,0.68,9.73,6
10.83,0.553,0.0,4.89,0.1385,4.0,21.3,0.9991,3.33,0.91,8.92,7
4.82,0.445,0.7,2.74,0.0958,25.7,107.8,0.9929,3.5,1.12,10.36,7
7.92,0.35,0.28,1.5,0.0616,6.8,36.0,0.9949,3.57,0.4,9.96,5
6.03,0.32,0.4,1.64,0.015,7.5,31.0,0.9935,3.52,0.68,10.09,7
5.49,0.387,0.28,2.93,0.0399,2.5,16.7,0.9933,3.53,0.33,10.49,6
9.94,0.557,0.12,2.28,0.0924,6.7,26.4,0.9964,3.13,0.67,10.25,5
9.23,0.642,0.22,2.57,0.0633,28.3,103.0,0.9962,3.34,0.7,9.95,5
9.06,0.401,0.08,1.64,0.0823,2.3,20.4,0.995,3.3,0.75,10.87,8
9.87,0.188,0.7,1.9,0.0624,8.3,60.1,0.9957,3.29,0.57,10.79,6
7.48,0.751,0.03,7.79,0.0472,2.4,20.4,0.9966,3.27,0.33,10.62,5
7.56,0.533,0.1,1.26,0.0374,7.6,24.1,0.9949,3.36,0.74,9.53,6
12.02,0.805,0.17,1.71,0.152,4.3,47.3,0.9965,3.03,0.89,11.59,5
7.88,0.646,0.48,1.42,0.1251,5.5,34.7,0.9947,3.07,0.54,10.08,5
9.55,0.757,0.25,3.07,0.1587,27.2,95.5,0.9965,3.37,0.71,10.19,5
8.31,0.649,0.03,3.07,0.1111,8.9,42.5,0.995,3.13,0.37,10.88,5
5.16,0.799,0.48,1.42,0.0723,5.8,36.0,0.9926,3.48,0.72,10.41,5
4.82,0.659,0.38,1.03,0.1424,12.7,55.0,0.9916,3.52,0.57,11.13,5
7.32,0.473,0.39,0.92,0.0832,3.8,16.5,0.9935,3.4,0.55,10.91,6
10.1,0.956,0.38,1.74,0.0983,5.6,29.9,0.9968,3.19,0.51,9.56,5
9.64,0.721,0.68,1.69,0.0878,11.5,39.4,0.9957,3.28,0.57,10.54,5
9.85,0.508,0.72,7.58,0.015,5.3,27.7,0.9987,3.29,0.79,9.93,7
6.62,0.273,0.17,1.85,0.1487,15.6,52.5,0.9935,3.48,0.46,10.73,6
11.05,0.271,0.58,1.34,0.1041,10.1,50.7,0.9965,3.38,0.61,10.59,6
6.66,0.62,0.32,4.23,0.1027,19.7,75.5,0.9951,3.42,0.63,9.97,5
8.66,0.595,0.34,1.91,0.087,37.5,124.2,0.9955,3.3,0.45,10.05,5
8.28,0.466,0.0,2.27,0.096,3.5,20.6,0.9967,3.2,0.95,8.4,5
8.0,0.594,0.22,1.05,0.0656,6.9,25.2,0.995,3.38,0.49,9.63,5
10.58,0.84,0.1,1.62,0.1142,6.6,31.2,0.9965,3.28,0.53,10.27,5
7.1,0.688,0.4,5.23,0.0372,4.0,32.7,0.9955,3.35,0.47,10.33,5
6.01,0.376,0.44,2.24,0.0969,21.9,76.8,0.9945,3.49,0.95,9.15,5
8.33,0.551,0.0,1.53,0.112,19.1,55.1,0.994,3.27,0.73,11.44,5
7.62,0.353,0.29,2.37,0.0766,9.9,22.4,0.9952,3.42,0.52,9.76,6
14.04,0.504,0.45,4.52,0.1043,11.3,43.0,0.9994,3.13,0.83,11.14,5
9.45,0.5,0.22,1.38,0.0498,2.7,29.1,0.9954,3.36,0.67,10.6,5
7.6,0.409,0.42,1.96,0.0459,11.7,59.1,0.9948,3.36,0.72,9.98,6
6.5,0.277,0.35,5.68,0.094,20.8,71.5,0.9936,3.27,0.62,12.4,6
5.1,0.628,0.27,1.18,0.1216,12.2,51.6,0.9939,3.4,0.47,8.53,4
6.56,0.395,0.24,2.81,0.015,5.7,38.1,0.9932,3.47,0.74,11.54,6
8.5,0.12,0.07,2.33,0.1054,15.2,66.8,0.9943,3.59,0.59,11.63,6
10.73,0.919,0.05,2.61,0.0678,7.4,45.6,0.9976,3.15,0.95,9.5,5
10.21,0.595,0.46,1.55,0.0718,11.4,56.8,0.9945,3.27,0.5,12.47,7
8.69,0.346,0.33,1.47,0.0259,10.0,41.0,0.9947,3.22,0.98,10.82,7
7.75,0.573,0.23,2.63,0.0554,7.8,36.5,0.9948,3.22,0.62,10.46,5
8.76,0.371,0.17,1.26,0.1281,17.2,72.4,0.995,3.21,0.69,10.44,5
7.42,0.778,0.24,1.72,0.0858,27.8,118.5,0.9942,3.1,0.82,10.49,6
11.22,0.813,0.48,1.21,0.0692,2.1,25.5,0.9959,3.33,0.57,11.44,6
7.98,0.597,0.19,0.91,0.0848,34.5,125.4,0.9939,3.06,0.79,10.97,5
8.15,0.744,0.01,6.16,0.1091,10.6,11.9,0.9981,3.29,0.33,8.43,5
4.6,0.6,0.38,1.75,0.1071,16.5,49.4,0.9914,3.35,0.52,11.48,5
7.97,0.263,0.25,6.13,0.0815,25.2,83.8,0.9976,3.22,0.52,8.96,6
9.72,0.42,0.3,1.13,0.1282,9.6,32.9,0.9946,3.4,0.47,11.66,6
6.48,0.592,0.54,2.23,0.1283,23.6,66.3,0.9931,3.42,0.6,11.3,5
7.02,0.413,0.29,1.24,0.101,4.3,22.4,0.9945,3.26,0.75,9.53,6
9.65,0.453,0.34,3.24,0.0867,4.1,16.7,0.9966,3.17,0.8,10.21,6
5.79,0.634,0.0,3.2,0.1208,14.9,61.5,0.9951,3.34,0.64,8.62,4
10.1,0.556,0.21,1.08,0.1021,26.5,91.6,0.9962,3.21,0.53,9.96,5
7.4,0.499,0.4,4.55,0.1269,28.8,68.7,0.9954,3.38,0.74,10.32,6
7.64,0.23,0.05,1.22,0.1155,14.4,48.9,0.9931,3.57,0.74,11.85,7
6.39,0.368,0.33,2.32,0.0438,10.9,40.4,0.9926,3.18,0.84,11.94,6
8.94,0.272,0.31,7.26,0.0411,6.8,42.6,0.9962,3.27,0.81,12.02,6
12.48,0.736,0.26,4.11,0.0615,48.9,188.7,0.9994,3.06,0.65,9.61,5
9.63,0.212,0.44,5.6,0.1285,6.6,35.7,0.9977,3.36,0.49,9.97,5
6.83,0.686,0.35,1.53,0.0214,18.4,56.5,0.9949,3.43,0.57,8.94,6
10.23,0.806,0.52,1.07,0.1053,11.1,54.4,0.9968,3.28,0.55,9.37,5
7.76,0.519,0.07,1.21,0.104,13.3,42.0,0.9937,3.38,0.59,11.14,5
10.64,0.127,0.27,1.94,0.136,8.0,32.9,0.9955,3.08,0.69,11.79,5
9.67,0.589,0.23,3.26,0.1017,42.2,103.0,0.998,3.39,0.72,8.49,4
4.6,0.559,0.06,1.14,0.0358,12.2,41.1,0.9927,3.59,0.63,9.58,5
6.59,0.398,0.42,2.52,0.0511,35.3,132.4,0.9942,3.51,0.64,10.15,5
9.91,0.482,0.67,1.49,0.0422,2.1,18.0,0.9959,3.38,0.66,10.46,5
8.56,0.83,0.25,1.53,0.068,12.2,22.5,0.9958,3.35,0.55,9.37,5
6.56,0.523,0.42,2.53,0.0722,17.2,52.7,0.9931,3.57,0.56,11.5,7
7.22,0.333,0.31,1.84,0.0379,18.4,58.8,0.9944,3.41,0.38,10.15,6
5.06,0.218,0.16,3.41,0.1433,30.2,127.5,0.9931,3.45,0.56,10.61,6
8.15,0.434,0.0,1.15,0.0315,2.1,19.9,0.9939,3.32,0.76,11.17,6
12.06,0.454,0.16,3.24,0.1383,2.0,14.6,0.9979,3.12,0.56,10.63,6
9.67,0.654,0.0,1.0,0.1369,9.7,37.9,0.9961,3.18,0.6,9.74,5
12.02,0.399,0.6,1.22,0.1204,2.4,9.5,0.9972,3.32,0.76,10.52,6
9.8,0.577,0.27,2.5,0.0567,46.0,113.4,0.9961,3.27,0.77,10.54,6
10.05,0.819,0.23,3.8,0.0982,5.0,30.9,0.997,3.23,0.5,10.25,6
11.66,0.709,0.41,1.34,0.0384,9.7,8.0,0.9975,3.19,0.81,9.92,5
8.94,0.562,0.05,1.49,0.1259,2.8,14.8,0.9941,3.64,0.83,11.77,5
7.98,0.539,0.11,2.06,0.0865,10.9,42.0,0.9945,3.19,0.45,10.74,5
10.06,0.509,0.26,1.26,0.0731,7.7,31.6,0.9963,3.12,0.5,9.88,5
10.77,0.691,0.48,3.4,0.0356,2.5,27.5,0.9965,3.02,0.88,11.32,6
7.48,0.383,0.38,3.13,0.015,6.9,20.7,0.995,3.32,0.66,10.29,6
7.07,0.578,0.29,1.14,0.048,8.0,33.4,0.993,3.4,0.33,11.35,5
8.54,0.339,0.38,1.83,0.119,57.2,158.4,0.9939,3.24,0.52,11.89,8
9.71,0.405,0.36,3.14,0.0684,4.8,38.8,0.9963,3.17,0.64,10.52,6
9.66,0.337,0.29,1.52,0.0827,11.4,40.8,0.9956,3.26,0.44,10.62,5
5.88,0.625,0.06,2.4,0.1157,54.4,167.6,0.9949,3.37,0.57,8.6,5
11.55,0.56,0.26,0.98,0.1617,20.8,76.6,0.9979,3.18,0.65,9.05,5
7.21,0.655,0.06,2.31,0.1425,62.2,258.3,0.9955,3.5,0.89,8.98,5
7.85,0.479,0.26,1.15,0.0506,43.4,116.8,0.9944,3.41,0.59,10.32,5
6.77,0.778,0.16,3.56,0.015,10.1,53.9,0.9933,3.49,0.82,11.91,5
12.89,0.421,0.71,1.56,0.1839,16.3,67.3,0.9964,3.21,0.88,12.41,5
8.71,0.861,0.24,1.4,0.1803,3.4,19.6,0.9947,3.32,0.88,10.81,5
6.85,0.12,0.08,3.66,0.087,9.0,41.3,0.9937,3.36,0.77,11.58,7
9.77,0.644,0.23,0.98,0.0387,21.9,74.0,0.9972,3.14,0.33,8.4,5
9.61,0.571,0.38,1.66,0.123,10.4,29.8,0.996,3.2,0.76,10.08,6
7.98,0.435,0.55,1.59,0.0852,16.6,66.0,0.9954,3.26,0.82,9.39,5
9.73,0.402,0.26,1.4,0.07,18.4,75.3,0.9953,3.33,0.75,10.9,8
6.9,0.788,0.0,4.54,0.1253,5.5,23.5,0.9953,3.42,0.94,10.01,5
7.46,0.193,0.4,2.99,0.1029,27.0,105.5,0.9954,3.44,0.79,9.7,5
4.88,0.495,0.08,1.0,0.0321,9.4,55.4,0.9932,3.34,0.82,9.1,7
6.05,0.12,0.25,2.78,0.0665,4.8,13.5,0.9926,3.59,0.9,11.82,7
11.37,0.326,0.24,2.02,0.1109,26.1,72.5,0.9978,3.11,0.74,9.55,6
11.09,0.847,0.24,4.37,0.1099,8.5,29.2,0.9979,3.04,0.33,10.41,5
8.41,0.471,0.37,1.46,0.1,18.7,54.0,0.9934,3.25,0.56,12.25,5
11.13,0.29,0.17,2.18,0.1218,11.5,48.0,0.9976,3.47,0.88,9.71,6
8.03,0.376,0.28,1.94,0.065,7.8,24.4,0.9963,3.28,0.58,8.54,7
7.89,0.842,0.29,1.91,0.0916,21.9,63.3,0.9947,3.29,0.64,10.34,6
8.4,0.179,0.32,1.81,0.015,12.5,57.8,0.9939,3.28,0.5,11.73,6
8.09,0.391,0.27,1.25,0.0715,7.9,33.7,0.9932,3.3,0.94,12.13,5
7.93,0.745,0.37,3.01,0.1151,3.4,25.4,0.9959,3.23,0.97,9.4,6
10.24,0.886,0.4,1.8,0.0739,29.1,113.5,0.9961,3.23,0.49,10.67,5
8.56,0.552,0.32,5.67,0.0709,2.4,13.2,0.9972,3.43,0.67,9.71,5
9.51,0.359,0.33,1.35,0.0478,25.9,77.7,0.9958,3.29,0.52,10.07,5
10.05,0.846,0.01,2.62,0.1246,7.4,36.9,0.9942,3.09,0.78,13.27,6
8.96,0.841,0.26,5.14,0.1114,14.2,70.6,0.9981,3.24,0.73,8.67,5
6.65,0.685,0.34,2.53,0.1225,32.6,73.9,0.994,3.33,0.78,10.43,5
6.0,0.352,0.42,3.98,0.0155,4.0,10.7,0.9936,3.43,0.74,11.09,6
8.55,0.562,0.13,3.54,0.0831,12.0,40.9,0.9951,3.46,1.14,11.26,5
8.01,0.463,0.17,1.57,0.0733,19.3,80.1,0.9944,3.31,0.51,10.72,6
8.45,0.626,0.15,2.27,0.0783,19.0,58.0,0.9951,3.29,0.35,10.48,5
8.27,0.737,0.39,1.15,0.0599,10.9,37.0,0.9948,3.52,0.61,10.23,6
12.69,0.64,0.48,2.05,0.0707,13.8,60.1,0.9977,3.2,0.41,10.89,6
6.04,0.387,0.18,1.29,0.1235,19.0,77.1,0.9936,3.49,0.39,9.83,5
4.92,0.804,0.41,2.94,0.015,24.1,64.7,0.9927,3.71,0.47,10.8,5
8.87,0.623,0.27,2.03,0.1606,19.2,74.0,0.9959,3.34,0.48,9.81,5
7.66,0.687,0.23,1.69,0.1089,7.2,20.6,0.9943,3.1,0.48,10.55,5
8.84,0.579,0.33,1.37,0.0728,68.0,264.6,0.9942,3.38,0.85,11.5,8
9.29,0.381,0.38,10.87,0.1258,8.8,17.8,0.9985,3.07,0.55,11.3,5
10.48,0.484,0.35,1.01,0.0264,2.3,19.4,0.996,3.26,0.65,10.57,6
5.74,0.48,0.66,0.97,0.0629,7.4,28.3,0.9944,3.23,0.79,8.4,5
7.35,0.223,0.14,1.27,0.0797,3.6,28.7,0.9928,3.3,0.55,11.89,6
9.03,0.549,0.38,6.21,0.1391,3.6,12.5,0.9977,3.23,0.64,9.72,6
9.61,0.917,0.19,6.71,0.0826,6.0,29.4,0.9981,3.15,0.74,9.97,6
12.03,0.177,0.13,2.5,0.1025,2.7,33.5,0.9981,3.08,0.35,10.03,6
9.92,0.565,0.25,4.08,0.0659,16.0,41.3,0.996,3.35,0.33,11.55,5
8.2,0.679,0.27,1.26,0.109,2.9,17.2,0.9962,3.23,0.7,8.4,5
6.79,0.431,0.86,6.27,0.1466,4.7,15.2,0.9926,3.45,0.8,14.21,7
7.34,0.471,0.26,1.13,0.1243,3.2,9.1,0.9929,3.24,1.03,11.68,6
7.29,0.189,0.13,1.06,0.0762,2.8,31.4,0.9932,3.34,0.75,11.3,7
9.41,0.61,0.3,1.08,0.1165,5.7,24.2,0.9956,3.29,0.78,10.12,5
8.74,0.361,0.0,2.18,0.1076,12.2,53.5,0.995,3.17,0.65,10.91,6
6.05,0.12,0.31,3.18,0.0998,42.1,143.1,0.9929,3.27,0.77,11.6,7
7.56,0.773,0.25,1.59,0.134,27.0,77.9,0.994,3.41,0.92,10.82,5
9.79,0.733,0.39,6.62,0.1337,27.0,106.5,0.9976,3.37,0.33,10.73,5
8.9,0.499,0.47,1.75,0.0794,4.3,33.1,0.9951,3.27,0.75,10.71,6
9.27,0.529,0.2,1.14,0.1102,5.7,34.9,0.9953,3.21,1.04,10.43,6
8.95,0.673,0.26,1.84,0.0692,3.0,8.0,0.9953,3.3,0.73,10.47,6
11.06,0.608,0.11,2.6,0.0526,20.1,79.3,0.9975,3.18,0.92,9.98,5
8.7,0.644,0.09,3.58,0.0737,2.9,23.1,0.9948,3.32,0.57,11.76,6
7.64,0.519,0.31,1.82,0.0864,11.8,32.3,0.9942,3.04,0.63,10.77,5
6.74,0.793,0.02,2.25,0.023,5.4,20.5,0.9956,3.26,0.65,8.4,5
8.72,0.625,0.18,1.37,0.1239,5.3,35.7,0.9947,3.19,0.33,10.83,5
4.6,0.523,0.11,2.46,0.015,58.2,157.4,0.9922,3.51,0.48,10.82,6
7.99,0.274,0.39,7.3,0.1931,19.0,59.5,0.9967,3.35,0.49,10.61,6
7.95,0.539,0.61,0.98,0.1446,23.8,110.1,0.9945,3.4,0.82,10.24,6
5.98,0.429,0.02,4.16,0.0791,12.2,41.0,0.9935,3.46,0.79,11.3,5
6.72,0.301,0.0,2.14,0.0799,26.6,115.5,0.9926,3.23,0.78,12.02,7
9.68,0.431,0.23,1.34,0.1016,14.4,55.0,0.9965,3.41,0.78,9.4,5
8.69,0.309,0.29,5.55,0.0609,37.1,148.3,0.9962,3.44,0.65,11.03,6
8.47,0.931,0.29,1.89,0.0972,6.0,32.9,0.996,3.15,0.84,9.2,5
8.82,0.796,0.17,1.5,0.0837,12.9,42.1,0.9964,3.32,0.64,8.8,5
8.46,0.816,0.25,1.2,0.0807,16.1,71.7,0.9951,3.23,0.69,10.0,6
10.41,0.362,0.32,1.32,0.0968,8.0,27.6,0.9957,3.22,0.59,11.04,5
8.51,0.502,0.48,3.58,0.032,27.4,86.6,0.9948,3.43,0.8,11.58,6
5.82,0.27,0.0,2.33,0.0861,48.8,169.2,0.9928,3.69,0.61,11.14,6
11.07,0.452,0.18,4.57,0.096,10.2,27.3,0.9976,3.26,0.81,10.9,5
8.93,0.254,0.37,1.3,0.0847,7.9,33.1,0.9942,3.31,0.53,11.59,7
7.3,0.781,0.08,1.09,0.0809,9.7,43.4,0.9946,3.32,0.45,9.53,5
6.17,0.423,0.6,0.91,0.13,25.0,110.3,0.9925,3.44,0.8,11.06,6
8.97,0.592,0.22,1.96,0.0654,14.4,51.5,0.9943,3.44,0.7,11.88,7
8.1,0.593,0.28,10.47,0.0936,2.5,30.9,0.9975,3.31,0.6,11.38,6
10.98,0.962,0.35,2.68,0.1414,11.4,45.3,0.9964,3.07,0.79,11.36,5
7.71,0.158,0.22,1.45,0.0763,2.2,21.7,0.9933,3.15,0.62,11.78,7
6.88,0.704,0.0,4.04,0.0931,20.1,68.5,0.9943,3.44,0.65,10.98,6
9.82,0.765,0.17,3.18,0.0856,6.8,36.9,0.9959,3.26,0.88,11.25,5
9.87,0.405,0.44,0.92,0.139,9.7,42.9,0.9959,3.15,0.9,10.15,5
8.59,0.661,0.23,3.45,0.0742,21.2,65.5,0.9963,3.42,0.95,9.74,6
9.45,0.547,0.14,1.44,0.1358,2.6,19.7,0.9955,3.2,0.63,10.46,6
8.24,0.451,0.46,1.14,0.0804,4.1,25.8,0.995,3.3,0.89,9.88,6
8.7,0.27,0.27,1.28,0.0451,8.1,26.4,0.995,3.29,0.56,10.4,7
10.28,0.368,0.2,1.85,0.1117,5.1,29.7,0.9963,3.17,0.53,10.48,6
9.36,0.918,0.28,1.73,0.0773,6.9,29.7,0.9964,3.29,0.33,9.38,5
8.01,0.57,0.39,1.41,0.1143,68.0,235.0,0.995,3.46,0.92,9.87,5
10.6,0.703,0.68,1.18,0.015,22.9,65.7,0.9979,3.06,0.49,8.4,5
4.6,0.356,0.44,3.05,0.0847,27.8,86.3,0.9925,3.55,0.66,10.84,6
11.79,0.517,0.42,7.82,0.0761,35.2,106.6,1.0003,3.16,0.45,9.73,4
5.4,0.674,0.2,3.16,0.042,7.0,26.7,0.9939,3.47,0.8,9.81,6
7.23,0.261,0.11,1.43,0.0624,6.2,32.2,0.9933,3.47,0.62,11.28,6
8.23,0.339,0.34,1.32,0.0566,5.2,24.6,0.9934,3.32,0.5,12.01,7
8.05,0.576,0.27,1.27,0.0876,23.3,110.1,0.996,3.38,0.72,8.57,5
10.01,0.509,0.1,1.12,0.0298,15.7,46.6,0.9963,3.31,0.44,9.86,6
6.5,0.54,0.22,2.1,0.1022,5.2,24.6,0.9946,3.34,0.5,9.41,5
8.74,0.557,0.36,2.29,0.1391,7.7,32.3,0.996,3.32,0.33,9.69,6
7.32,0.688,0.31,2.73,0.1007,10.5,50.4,0.9941,3.33,0.4,11.0,5
8.8,0.695,0.34,2.61,0.1219,11.0,52.6,0.9959,3.27,0.67,9.98,5
8.19,0.322,0.34,1.42,0.1283,28.3,79.6,0.9947,3.28,0.35,10.36,6
8.46,0.522,0.16,1.5,0.139,7.7,38.6,0.9965,3.36,0.39,8.4,5
7.37,0.773,0.16,2.62,0.1643,30.7,102.2,0.9943,3.37,0.64,10.81,5
7.43,0.642,0.07,1.54,0.0645,9.0,44.4,0.995,3.4,0.59,9.39,6
8.79,0.257,0.61,1.26,0.0558,18.5,60.4,0.9948,3.28,1.02,10.68,6
9.9,0.55,0.29,1.6,0.1158,34.0,122.2,0.9956,3.04,0.99,10.9,6
7.28,0.154,0.25,1.38,0.1128,30.6,77.6,0.9928,3.36,0.53,11.99,6
6.82,0.498,0.12,1.04,0.1155,2.7,13.0,0.9944,3.39,0.77,9.32,6
9.34,0.893,0.78,3.56,0.1651,4.8,25.5,0.9979,3.29,0.77,8.4,5
8.24,0.409,0.06,3.78,0.09,9.8,53.6,0.9957,3.24,0.54,10.36,5
9.71,0.428,0.17,1.27,0.1065,8.8,40.9,0.9944,3.1,0.39,11.98,5
6.76,0.54,0.4,1.0,0.0403,14.3,66.3,0.992,3.46,0.72,12.31,7
5.27,0.228,0.4,2.91,0.1699,36.7,114.7,0.9929,3.43,0.65,10.83,6
7.39,0.462,0.42,1.26,0.076,3.4,16.3,0.9946,3.38,0.57,9.68,5
7.0,0.591,0.62,1.65,0.0722,9.2,49.4,0.9931,3.34,0.76,11.43,6
8.17,0.302,0.42,1.0,0.0656,4.6,23.7,0.9947,3.32,0.59,10.1,7
7.22,0.53,0.06,1.28,0.0637,28.9,103.4,0.9937,3.31,0.44,10.65,5
9.56,0.617,0.24,3.26,0.0553,42.1,170.4,0.9958,3.13,0.7,11.13,6
7.81,0.562,0.35,3.35,0.0636,9.8,35.5,0.9942,3.39,0.75,11.69,6
8.56,0.535,0.66,1.25,0.0299,3.3,8.0,0.9925,3.22,0.48,13.38,6
8.57,0.592,0.0,1.51,0.0631,20.5,98.8,0.9952,3.32,0.76,10.12,4
8.63,0.473,0.55,1.12,0.1575,16.3,62.4,0.9947,3.34,0.42,10.57,7
8.26,0.389,0.36,1.02,0.1089,7.3,42.3,0.994,3.24,0.62,11.05,7
9.17,0.568,0.44,8.18,0.1215,28.2,94.2,0.9993,3.12,0.64,8.86,6
6.95,0.406,0.27,2.5,0.1316,46.7,172.7,0.9946,3.67,0.57,9.93,6
10.68,0.379,0.18,2.07,0.1529,11.8,48.9,0.9965,3.13,0.62,10.67,7
7.9,0.322,0.43,3.08,0.015,12.0,55.6,0.9954,3.4,1.0,10.1,6
6.07,0.564,0.37,3.65,0.0403,6.2,41.5,0.9941,3.65,0.5,10.33,5
8.62,0.352,0.46,3.37,0.0524,12.5,39.9,0.9962,3.39,1.1,9.8,6
6.85,0.301,0.29,0.93,0.0657,9.0,33.7,0.9925,3.35,0.75,11.75,6
9.43,0.614,0.14,1.21,0.0775,6.3,26.4,0.9956,3.25,0.66,10.18,5
12.06,0.526,0.01,2.5,0.0666,2.8,23.7,0.9976,3.02,0.76,10.62,6
6.96,0.543,0.48,1.61,0.0883,5.5,10.9,0.9936,3.48,1.15,10.75,7
8.87,0.337,0.41,6.97,0.0809,4.6,27.8,0.9967,3.35,0.55,11.23,7
5.32,0.639,0.08,2.54,0.0606,11.4,52.8,0.9926,3.4,0.45,11.0,5
9.07,0.664,0.15,5.6,0.015,13.0,62.5,0.9978,3.15,0.51,9.31,5
6.79,0.406,0.29,1.24,0.0348,13.3,48.6,0.9933,3.23,0.77,10.87,8
7.24,0.35,0.02,3.89,0.0625,7.9,48.1,0.9951,3.48,0.39,10.32,6
6.43,0.595,0.1,1.48,0.0796,8.6,38.4,0.9947,3.42,0.64,8.83,5
9.54,0.472,0.13,7.74,0.0343,23.6,70.2,0.9983,3.27,1.01,10.26,7
10.01,0.411,0.26,1.16,0.0599,9.8,27.1,0.9957,3.13,0.75,10.6,7
8.34,0.135,0.16,1.99,0.0393,54.8,199.5,0.9941,3.13,0.63,11.5,6
6.83,0.517,0.0,3.26,0.0795,8.9,40.6,0.9941,3.5,0.57,10.89,6
11.0,0.946,0.61,1.75,0.0466,14.6,55.5,0.9968,3.18,0.79,10.37,5
7.02,0.509,0.48,1.85,0.0555,2.6,27.8,0.9935,3.48,0.5,11.03,5
4.62,0.446,0.11,7.34,0.0372,14.7,74.9,0.9948,3.45,0.95,10.04,5
9.08,0.553,0.34,1.73,0.0784,24.9,70.5,0.9949,3.24,1.01,11.02,6
6.42,0.783,0.25,2.29,0.0648,36.3,100.4,0.9948,3.49,0.6,9.17,3
9.98,0.773,0.46,0.98,0.1258,68.0,278.7,0.9957,3.31,0.64,10.44,5
7.65,0.356,0.1,3.67,0.1057,6.0,37.9,0.9959,3.44,0.82,9.59,5
9.33,0.614,0.49,2.47,0.0817,12.3,68.3,0.9975,3.22,0.87,8.4,6
10.68,0.51,0.23,1.68,0.0476,9.2,17.0,0.9961,3.26,0.58,10.94,7
6.24,0.546,0.01,0.92,0.1047,12.0,41.4,0.9922,3.55,0.55,11.6,5
7.34,0.628,0.38,2.24,0.1171,4.1,22.2,0.9939,3.35,0.42,11.1,5
8.17,0.665,0.52,0.92,0.0902,25.3,57.9,0.9935,3.25,0.75,11.59,6
10.91,0.718,0.72,0.9,0.1536,30.8,105.5,0.9956,3.34,0.75,11.41,5
7.18,0.376,0.03,2.34,0.1079,9.2,40.7,0.9945,3.29,0.41,10.26,5
7.29,0.709,0.38,1.21,0.126,5.9,21.0,0.994,3.44,0.56,10.37,5
9.11,0.559,0.18,1.22,0.0948,3.8,8.0,0.9959,3.26,0.41,9.56,5
7.32,0.582,0.39,2.49,0.1165,15.8,75.9,0.9949,3.14,0.49,9.86,5
8.56,0.502,0.03,0.98,0.0526,6.5,27.7,0.9941,3.43,0.77,11.24,6
5.66,0.544,0.02,1.46,0.0712,30.8,113.8,0.9921,3.11,0.52,11.38,5
12.06,0.613,0.19,1.14,0.0935,15.3,41.7,0.9969,2.88,0.67,10.94,7
6.01,0.556,0.26,2.2,0.1032,14.5,51.1,0.994,3.49,0.36,9.72,5
7.75,0.3,0.17,2.53,0.1048,11.8,53.9,0.9946,3.4,0.71,10.63,6
8.24,0.423,0.41,2.82,0.1285,2.6,8.0,0.9946,3.24,0.67,11.23,6
11.55,0.68,0.39,1.34,0.0375,34.2,100.9,0.9986,3.17,0.48,8.4,4
6.05,0.699,0.4,1.04,0.0455,13.9,64.9,0.9946,3.12,0.65,8.4,6
11.67,0.673,0.54,1.02,0.0987,63.5,269.3,0.9976,3.23,0.67,9.62,5
9.59,0.265,0.4,1.73,0.0505,11.2,38.2,0.9962,3.28,0.58,9.85,7
9.01,0.992,0.03,5.27,0.2246,16.9,69.5,0.9974,3.27,0.39,9.67,5
6.63,0.615,0.5,1.27,0.1101,2.7,17.6,0.9938,3.4,0.95,10.03,5
9.27,0.787,0.14,1.35,0.0864,14.0,48.1,0.996,3.32,0.53,9.72,5
7.07,0.304,0.53,1.06,0.0539,19.4,88.2,0.9917,3.37,0.74,12.98,8
10.45,0.581,0.57,2.3,0.0653,20.1,102.6,0.9962,2.98,0.85,10.95,6
6.65,0.633,0.37,2.61,0.0857,19.6,97.0,0.9937,3.66,1.28,10.93,6
8.11,0.777,0.0,2.44,0.094,5.1,15.1,0.9947,3.46,0.43,10.8,5
7.36,0.67,0.12,3.86,0.0662,46.5,130.6,0.9958,3.2,0.76,9.49,6
6.62,0.718,0.49,1.9,0.0786,66.0,271.3,0.9931,3.35,0.52,11.21,5
9.56,0.356,0.3,1.12,0.1333,2.9,16.8,0.995,3.22,0.63,11.0,7
9.21,0.473,0.26,1.41,0.1449,35.1,103.4,0.995,3.39,0.52,10.85,5
10.36,0.627,0.39,2.53,0.0996,6.1,37.7,0.9977,2.95,0.45,9.1,5
5.27,0.809,0.34,2.32,0.0408,16.0,61.5,0.9946,3.4,0.59,8.4,4
10.11,0.452,0.34,2.04,0.106,7.0,42.1,0.9954,3.01,0.43,11.44,6
12.56,0.671,0.25,2.62,0.1467,43.2,170.8,0.9977,3.06,0.84,11.0,6
7.53,0.817,0.19,2.42,0.1443,3.3,8.0,0.9955,3.29,0.65,9.27,5
11.52,0.334,0.44,4.1,0.1139,10.3,36.6,0.9986,3.16,0.75,9.76,6
7.85,0.428,0.35,2.22,0.1464,8.7,48.4,0.994,3.26,0.56,11.3,5
5.97,0.466,0.24,3.16,0.0866,6.7,28.4,0.9946,3.34,0.62,9.44,6
7.78,0.622,0.44,1.33,0.1146,14.4,50.5,0.9932,3.41,0.69,11.82,5
10.08,0.481,0.23,2.6,0.0623,3.7,26.8,0.9974,3.28,0.44,9.27,5
6.88,0.72,0.14,4.39,0.0962,17.1,68.6,0.9943,3.45,0.62,11.26,6
7.28,0.642,0.11,1.63,0.1427,49.3,193.9,0.9946,3.34,0.49,9.85,5
9.31,0.577,0.07,3.17,0.0659,21.6,59.0,0.9959,3.19,0.49,10.78,5
8.31,0.166,0.28,2.84,0.045,25.6,85.7,0.9952,3.3,0.36,10.53,7
9.29,0.186,0.55,0.99,0.0834,7.3,20.4,0.9949,3.32,0.95,10.91,7
8.7,0.618,0.11,2.21,0.0804,6.7,29.8,0.9955,3.03,0.52,10.22,5
9.12,0.207,0.28,1.11,0.1155,10.7,50.7,0.9962,3.32,0.84,9.17,5
7.57,0.662,0.17,6.03,0.0664,2.6,15.3,0.9953,3.38,0.86,11.37,6
8.69,0.543,0.2,3.4,0.1582,36.9,134.4,0.9964,3.3,0.42,9.66,5
6.72,1.201,0.0,1.07,0.0429,3.9,12.9,0.9942,3.37,0.41,9.5,4
10.49,0.962,0.21,1.09,0.1396,30.0,90.8,0.9971,2.89,1.08,9.18,5
7.22,0.459,0.26,2.25,0.0539,3.0,29.5,0.9959,3.31,0.98,8.4,6
10.22,0.472,0.39,1.53,0.015,22.8,95.3,0.9961,3.43,0.67,10.43,6
7.9,0.819,0.25,0.95,0.104,4.0,25.3,0.9929,3.33,0.64,12.14,4
8.64,0.86,0.03,2.07,0.0793,2.5,8.0,0.9948,3.26,0.53,10.96,5
7.46,0.292,0.45,1.64,0.0451,17.3,45.5,0.9945,3.35,0.71,10.16,5
6.57,0.186,0.33,1.06,0.0172,5.9,43.7,0.9934,3.44,0.56,10.36,6
5.33,0.544,0.25,3.33,0.0942,17.0,69.6,0.994,3.54,0.33,9.75,4
6.51,0.669,0.25,4.6,0.1285,11.7,28.4,0.9945,3.37,0.42,10.72,5
7.75,0.574,0.2,3.02,0.1079,3.4,17.3,0.9958,3.39,0.68,9.44,6
8.66,0.752,0.29,3.49,0.0918,34.3,114.8,0.9951,3.49,0.45,11.29,5
10.02,0.286,0.38,1.27,0.1037,9.2,37.3,0.9951,3.34,0.67,11.34,6
7.54,0.176,0.0,1.36,0.0884,17.9,54.0,0.9938,3.63,0.46,10.89,5
6.8,0.716,0.15,1.25,0.0323,10.3,49.6,0.9935,3.31,0.51,10.61,5
5.85,0.429,0.2,3.07,0.0327,13.1,32.8,0.9939,3.63,0.79,10.19,5
9.12,0.147,0.34,5.33,0.0764,6.3,28.7,0.9962,3.17,0.72,11.3,6
10.65,0.515,0.5,2.79,0.0781,4.7,20.3,0.9963,3.23,0.68,11.22,6
10.45,0.625,0.15,4.1,0.1185,11.4,54.3,0.9974,3.29,0.83,10.27,6
9.51,0.549,0.16,2.43,0.1198,9.0,33.7,0.9966,3.19,0.72,9.6,5
9.39,0.412,0.2,1.64,0.1087,7.9,27.1,0.9953,3.27,0.93,10.73,6
11.19,0.543,0.11,1.73,0.0783,15.4,51.9,0.9958,3.27,0.56,11.72,5
8.86,0.507,0.19,1.02,0.0343,16.1,41.6,0.9962,3.2,0.57,8.94,5
9.4,0.181,0.47,0.95,0.096,2.6,22.0,0.996,3.46,0.5,9.61,7
7.75,0.529,0.02,2.68,0.1155,7.0,11.8,0.9953,3.17,0.53,9.89,4
5.98,0.659,0.33,1.77,0.015,8.4,41.0,0.9934,3.66,0.8,10.23,5
7.14,0.625,0.0,2.11,0.0561,3.2,28.0,0.9943,3.49,0.86,10.35,5
8.28,0.679,0.11,2.12,0.0669,5.2,17.4,0.9954,3.3,0.76,9.97,4
8.4,0.401,0.19,1.39,0.0942,2.6,22.0,0.9952,3.26,0.33,9.95,5
11.57,0.459,0.59,1.87,0.0524,68.0,280.0,0.9959,3.09,0.86,12.11,6
8.44,0.2,0.2,1.85,0.088,18.0,41.0,0.9965,3.29,0.33,8.57,5
10.3,0.44,0.0,1.64,0.0711,3.1,19.5,0.9964,3.2,0.87,10.25,7
7.56,0.733,0.0,3.48,0.0781,2.2,8.0,0.995,3.5,0.62,10.52,6
7.77,0.319,0.26,1.8,0.0608,17.2,64.0,0.996,3.57,0.76,8.53,5
6.04,0.47,0.36,2.29,0.0639,8.9,44.8,0.9938,3.45,0.41,10.0,5
7.04,0.626,0.32,4.29,0.0463,20.5,41.5,0.9939,3.27,0.84,11.84,5
9.2,0.703,0.32,3.92,0.0997,32.8,114.9,0.9962,3.2,0.43,10.65,6
8.31,0.494,0.46,4.22,0.1123,13.0,44.4,0.9959,3.29,0.53,10.41,5
9.9,0.372,0.19,1.37,0.0537,4.5,19.5,0.9967,3.11,0.51,9.36,6
8.61,0.235,0.41,0.95,0.1503,20.3,68.6,0.9955,3.15,0.34,9.56,5
7.7,0.508,0.0,1.35,0.0719,39.4,88.2,0.9944,3.59,0.7,10.25,6
11.95,0.917,0.09,1.39,0.1507,12.4,34.2,0.9977,3.16,0.95,9.86,5
8.14,0.617,0.0,4.5,0.0638,15.7,40.8,0.995,3.22,1.09,11.46,5
10.28,0.406,0.28,2.47,0.015,6.9,44.8,0.9956,3.31,0.74,11.63,7
7.62,0.545,0.28,1.03,0.1006,7.8,30.4,0.9948,3.2,0.87,9.51,6
9.51,0.568,0.27,1.12,0.0994,17.9,85.6,0.9955,3.12,0.68,10.42,5
9.88,0.272,0.34,1.15,0.0809,33.5,143.7,0.9948,3.13,0.8,11.57,7
8.65,0.63,0.12,2.39,0.0588,13.9,52.2,0.9943,3.49,0.62,11.77,6
4.6,0.448,0.3,2.89,0.0781,20.7,83.5,0.991,3.46,0.75,12.66,7
8.33,0.493,0.02,3.85,0.064,4.3,26.0,0.9964,3.02,0.77,9.61,6
10.39,0.404,0.5,5.14,0.0774,4.9,23.6,0.9985,3.35,0.54,9.36,5
9.2,0.872,0.16,1.24,0.1282,11.1,34.8,0.9969,3.23,0.59,8.47,4
9.06,0.683,0.16,1.46,0.0969,4.3,23.0,0.9957,3.05,0.63,9.94,5
5.37,0.396,0.58,1.31,0.1089,14.1,53.8,0.9921,3.42,0.82,11.09,6
7.08,0.66,0.07,1.57,0.0752,6.1,27.6,0.993,3.43,0.5,11.61,6
9.0,0.485,0.05,4.59,0.0758,20.8,74.2,0.9968,3.32,0.63,10.1,5
9.0,0.437,0.05,2.18,0.0434,21.8,66.1,0.996,3.49,0.97,9.86,5
10.36,0.361,0.28,2.91,0.0697,9.5,50.7,0.9965,3.1,0.88,10.78,6
8.05,0.12,0.45,1.91,0.015,4.4,18.7,0.9945,3.33,0.99,10.69,8
8.99,0.57,0.42,0.94,0.0609,14.5,60.5,0.9932,3.19,0.68,12.71,6
8.33,0.259,0.71,1.0,0.0862,61.2,170.9,0.9961,3.12,0.69,8.57,5
6.62,0.361,0.0,2.06,0.112,13.7,41.3,0.9939,3.5,0.81,10.36,5
4.6,0.297,0.32,2.8,0.0838,2.4,12.0,0.9916,3.55,0.87,11.75,4
9.03,0.395,0.23,1.26,0.0934,2.2,16.1,0.9947,3.31,0.39,11.08,7
8.6,0.544,0.14,2.82,0.015,6.6,23.5,0.9959,3.35,0.42,9.98,5
7.25,0.434,0.18,3.4,0.0822,4.6,36.3,0.9949,3.28,0.9,10.27,6
5.55,0.393,0.09,1.7,0.0223,22.1,97.6,0.9933,3.33,0.59,9.99,5
9.37,0.291,0.59,2.96,0.0362,24.4,105.8,0.9948,3.26,0.57,12.0,6
7.85,0.569,0.44,1.68,0.077,5.6,27.0,0.9961,3.47,0.47,8.41,6
9.25,0.396,0.29,2.6,0.1356,6.7,13.7,0.9945,3.46,0.59,12.16,6
11.47,0.624,0.49,3.07,0.1043,5.2,31.0,0.999,3.25,0.4,8.75,5
4.66,0.5,0.0,8.13,0.0952,30.7,113.6,0.9956,3.5,0.96,9.46,4
7.11,0.601,0.01,1.54,0.0887,10.4,44.3,0.9945,3.4,0.64,9.75,5
7.94,0.632,0.0,1.69,0.051,14.8,46.7,0.9936,3.33,0.71,11.66,7
10.77,0.51,0.2,1.17,0.0577,8.4,46.6,0.9971,3.06,0.82,9.48,7
5.52,0.42,0.32,1.24,0.1016,14.0,61.8,0.9922,3.45,0.84,11.09,6
11.59,0.534,0.31,2.67,0.0291,7.9,34.1,0.9958,2.99,0.84,12.65,6
8.53,0.449,0.32,4.63,0.1082,7.0,24.6,0.9971,3.28,0.86,9.26,6
8.14,0.571,0.0,1.65,0.074,14.1,55.0,0.9948,3.51,0.53,10.36,5
7.96,0.355,0.47,1.2,0.1125,12.7,66.3,0.9944,3.43,0.67,10.41,7
7.56,0.542,0.29,1.4,0.1279,6.2,28.2,0.9941,3.24,0.77,10.6,5
10.08,0.606,0.38,1.81,0.0226,3.9,13.5,0.9963,3.21,0.55,10.19,5
6.48,0.321,0.0,1.42,0.0612,7.5,28.6,0.9938,3.3,0.68,9.98,6
8.89,0.397,0.31,1.3,0.0553,8.4,35.6,0.9949,3.27,0.71,10.66,5
7.65,0.334,0.04,2.9,0.017,13.9,54.6,0.9936,3.47,0.77,11.98,5
7.0,0.218,0.22,0.91,0.0432,31.5,83.8,0.9936,3.45,0.38,10.43,6
12.7,0.363,0.35,2.06,0.1872,2.4,11.9,0.9977,3.39,0.76,10.89,5
9.01,0.517,0.31,3.27,0.1089,5.4,35.8,0.9969,3.42,0.64,9.33,6
9.34,0.418,0.1,1.36,0.1662,4.6,17.9,0.9964,3.28,0.76,9.22,5
10.23,0.657,0.25,2.29,0.1227,10.4,43.9,0.9963,3.29,0.77,10.65,5
5.88,0.576,0.0,2.56,0.0598,8.7,55.3,0.9925,3.41,0.91,11.66,5
11.28,0.235,0.46,2.5,0.0742,17.7,71.7,0.9972,3.03,0.87,10.53,5
4.6,0.601,0.25,1.79,0.108,5.3,30.7,0.9924,3.65,0.91,10.31,6
6.99,0.708,0.45,1.54,0.107,12.8,52.6,0.9941,3.5,0.89,10.17,5
7.52,0.321,0.2,3.61,0.0614,27.8,73.1,0.9959,3.32,0.73,9.37,6
9.29,0.561,0.2,3.03,0.0241,31.0,130.9,0.9954,3.29,0.69,11.23,6
8.67,0.344,0.15,1.48,0.216,40.3,137.7,0.9942,3.44,0.83,11.51,6
8.02,0.427,0.49,1.06,0.0739,19.8,96.8,0.9942,3.43,0.84,10.62,7
8.28,0.275,0.16,1.01,0.0715,30.4,94.5,0.9948,3.14,0.63,10.15,6
6.64,0.265,0.37,1.05,0.094,5.2,33.5,0.9934,3.42,0.71,10.44,5
5.75,0.585,0.14,2.21,0.0848,4.6,8.0,0.9942,3.42,0.59,9.29,4
9.54,0.549,0.0,0.98,0.0944,2.1,18.2,0.9957,3.38,0.49,10.11,5
9.48,0.422,0.19,1.52,0.136,16.7,67.8,0.9938,3.37,0.9,12.72,6
10.99,0.369,0.04,3.0,0.0845,35.3,137.6,0.9977,3.33,0.65,9.93,5
6.96,0.422,0.3,1.42,0.038,4.5,8.0,0.9939,3.24,1.03,10.27,6
9.48,0.536,0.08,3.06,0.078,14.2,54.0,0.9966,3.16,0.4,9.98,6
7.82,0.562,0.42,2.95,0.0709,18.5,69.8,0.9946,3.47,0.55,10.92,5
10.32,0.521,0.27,1.32,0.1415,33.5,97.3,0.9961,3.14,0.69,10.44,6
10.04,0.456,0.22,2.86,0.1363,14.5,79.9,0.9972,3.04,0.83,9.53,5
8.66,0.769,0.37,2.97,0.0938,44.2,166.8,0.9948,3.36,0.71,11.5,5
7.72,0.29,0.46,1.66,0.0334,7.1,27.1,0.9931,3.27,0.73,12.04,6
9.93,0.573,0.29,1.25,0.0355,7.2,22.4,0.9961,3.44,0.49,10.02,6
9.4,0.691,0.15,2.0,0.0851,11.4,56.4,0.9971,3.29,0.48,8.76,6
7.14,0.652,0.0,4.72,0.103,7.8,43.4,0.9946,3.39,0.69,11.18,5
6.04,0.536,0.13,2.43,0.0745,2.0,12.4,0.9943,3.38,0.41,9.49,5
7.81,0.4,0.18,1.18,0.0653,17.8,67.3,0.9935,3.53,0.59,11.42,6
10.88,0.666,0.31,2.62,0.0608,18.7,75.7,0.9984,3.22,0.77,8.65,6
10.25,0.248,0.23,1.74,0.0836,18.5,70.2,0.9954,3.16,0.51,11.52,6
6.41,0.405,0.37,2.24,0.015,7.1,23.4,0.9949,3.31,0.91,8.96,5
6.31,0.422,0.18,2.89,0.0404,10.9,36.0,0.9932,3.4,0.89,11.36,6
10.47,0.78,0.24,1.99,0.0644,7.4,12.1,0.9967,3.08,0.37,10.19,5
6.37,0.635,0.46,3.42,0.1378,2.2,19.0,0.9952,3.53,0.48,9.22,5
9.17,0.245,0.39,2.82,0.0469,11.9,45.6,0.9957,3.05,0.33,10.67,7
7.25,0.517,0.24,2.33,0.0967,3.6,21.1,0.994,3.35,0.51,10.86,5
11.05,0.306,0.22,1.15,0.0886,3.0,24.7,0.9959,3.25,0.85,11.18,7
6.99,0.449,0.14,3.61,0.1414,18.9,72.8,0.9944,3.42,0.57,10.76,5
10.24,0.736,0.1,5.02,0.14,2.1,14.0,0.9962,3.13,0.72,12.15,5
8.61,0.257,0.19,1.12,0.0822,40.3,125.9,0.9959,3.37,0.42,9.06,6
8.73,0.683,0.47,1.9,0.0605,10.7,39.3,0.9934,3.18,0.86,12.69,7
4.95,0.631,0.25,1.35,0.0579,50.9,186.5,0.9921,3.47,0.59,10.73,6
4.6,0.675,0.05,3.01,0.0749,2.7,18.0,0.9933,3.57,0.68,9.73,6
7.93,0.411,0.61,2.82,0.0671,12.5,52.8,0.9959,3.38,0.66,9.29,6
8.72,0.465,0.35,1.13,0.1066,7.2,33.6,0.9949,3.21,0.46,10.44,6
6.39,0.246,0.04,4.04,0.1013,24.3,100.1,0.9936,3.55,0.48,11.55,6
6.45,0.481,0.17,1.2,0.1132,7.4,31.2,0.9937,3.41,0.8,10.05,5
9.25,0.574,0.31,3.29,0.1349,5.6,23.4,0.9948,3.35,0.75,12.14,6
9.26,0.79,0.56,1.82,0.164,25.4,91.6,0.9969,3.45,0.82,8.72,5
8.07,0.142,0.17,1.5,0.0795,7.6,38.9,0.9937,3.46,0.82,11.51,8
9.63,0.348,0.51,1.16,0.1235,2.2,22.5,0.996,3.38,0.74,9.82,7
6.3,0.624,0.46,1.18,0.0804,7.9,22.0,0.9935,3.43,0.33,10.09,4
7.69,0.253,0.18,2.53,0.1319,14.8,74.4,0.9939,3.44,0.63,11.51,6
11.1,0.511,0.28,2.1,0.122,5.5,38.4,0.9968,3.2,0.72,10.65,7
8.42,0.447,0.06,1.1,0.1298,8.8,32.3,0.9963,3.16,0.97,8.4,5
8.51,0.457,0.25,1.08,0.0883,2.7,18.6,0.9944,3.34,0.8,10.82,6
12.22,0.333,0.32,1.01,0.0528,12.6,31.8,0.9964,3.14,0.98,11.51,7
5.92,0.516,0.33,2.94,0.0387,18.9,57.9,0.9939,3.5,0.7,10.13,4
9.65,0.489,0.49,2.77,0.0829,8.4,23.5,0.9951,3.23,0.56,11.86,6
11.13,0.533,0.12,0.99,0.1508,8.5,35.8,0.9976,3.08,0.66,9.1,5
7.75,0.347,0.0,2.13,0.0671,3.1,17.0,0.9936,3.42,0.76,11.76,7
9.76,0.286,0.33,1.03,0.1109,4.7,14.4,0.9941,3.08,0.56,12.27,7
6.63,0.464,0.38,4.41,0.1133,4.0,16.9,0.9957,3.57,0.65,9.3,7
7.13,0.771,0.33,4.46,0.0732,9.9,34.9,0.9947,3.34,0.65,10.94,6
8.95,0.434,0.27,2.7,0.1322,11.0,36.8,0.9956,3.31,0.99,10.57,7
9.66,0.659,0.31,4.81,0.015,37.7,151.5,0.9969,3.31,0.33,10.54,6
10.21,0.334,0.52,3.4,0.0406,2.9,24.3,0.9968,3.29,0.84,10.52,5
10.97,0.517,0.36,3.55,0.0479,13.0,61.1,0.9977,3.01,0.52,10.14,6
8.19,0.463,0.14,2.16,0.0617,11.0,57.4,0.9961,3.41,0.37,9.05,4
10.33,0.239,0.2,1.45,0.098,10.7,39.1,0.996,3.24,0.88,10.66,6
7.72,0.444,0.22,1.27,0.1011,26.8,99.5,0.9953,3.26,0.76,9.09,5
9.83,0.773,0.54,1.49,0.1053,4.8,26.9,0.9969,3.14,0.85,9.09,5
8.65,0.732,0.22,2.39,0.1133,2.5,20.2,0.995,3.25,0.78,10.85,5
9.06,0.531,0.29,1.18,0.0465,15.4,63.3,0.9959,3.12,1.03,9.48,6
9.02,0.309,0.16,1.35,0.0408,7.1,40.9,0.9949,3.48,0.73,10.84,5
5.57,0.457,0.49,1.85,0.1004,2.2,8.0,0.9925,3.62,0.65,11.09,6
6.39,0.621,0.6,1.3,0.0643,5.5,23.0,0.9949,3.46,0.7,8.45,5
8.47,0.6,0.33,2.23,0.0267,6.4,38.7,0.9959,3.27,0.85,9.5,5
5.43,0.177,0.3,4.75,0.1234,13.5,37.9,0.9929,3.43,0.55,11.82,6
9.71,0.339,0.3,2.97,0.1403,4.3,21.9,0.997,3.33,0.57,9.64,6
9.78,0.559,0.0,2.55,0.1518,8.4,38.4,0.9968,3.45,0.59,9.71,5
8.86,0.581,0.42,2.21,0.092,9.9,36.2,0.9949,3.21,0.33,11.09,6
6.39,0.12,0.35,1.9,0.1045,9.4,52.9,0.9925,3.27,0.74,11.86,7
10.65,0.462,0.37,1.21,0.1393,45.8,162.3,0.9963,3.38,0.36,10.37,6
11.76,0.594,0.12,4.28,0.0638,2.6,21.4,0.999,2.92,0.65,9.58,5
8.55,0.794,0.14,1.33,0.1389,38.2,153.8,0.9943,3.18,0.75,11.15,4
9.17,0.528,0.26,1.04,0.0905,12.5,44.3,0.9933,3.24,0.64,12.81,7
8.64,0.749,0.39,2.98,0.131,21.1,72.2,0.9954,3.11,0.89,10.7,4
9.2,0.274,0.26,1.19,0.0869,8.8,29.4,0.9947,3.4,0.47,11.16,7
8.1,0.166,0.66,1.6,0.1364,9.3,53.4,0.9952,3.42,0.88,9.82,6
8.24,0.343,0.41,0.94,0.0884,27.4,104.3,0.9947,3.24,0.83,10.24,7
9.84,0.66,0.06,1.12,0.0251,29.2,83.2,0.9951,3.39,0.39,11.15,6
12.29,0.567,0.35,1.19,0.1326,5.3,15.1,0.9962,3.28,1.22,11.94,8
5.92,0.691,0.13,0.98,0.0516,4.7,17.2,0.992,3.42,0.63,11.58,5
8.12,0.563,0.0,2.5,0.1346,10.2,55.9,0.9944,3.26,0.53,11.28,6
6.29,0.635,0.54,3.62,0.0859,29.7,89.2,0.9956,3.68,0.4,8.67,5
11.01,0.395,0.42,1.6,0.1315,6.7,33.8,0.9957,3.26,0.64,11.68,6
7.3,0.468,0.39,4.01,0.1299,14.7,63.2,0.9957,3.39,0.66,9.63,6
5.85,0.694,0.36,1.26,0.0967,16.8,79.0,0.9927,3.6,0.74,10.69,7
9.38,0.17,0.12,1.49,0.0948,20.1,74.6,0.9944,3.29,0.71,11.78,8
11.27,0.765,0.2,1.15,0.1014,12.0,47.1,0.9949,3.1,0.79,12.62,6
9.43,0.515,0.4,2.35,0.015,8.2,33.9,0.9936,3.26,0.57,13.28,5
8.65,0.795,0.06,1.72,0.0942,42.9,140.0,0.9948,3.42,0.33,10.78,5
9.0,0.251,0.0,2.33,0.0399,13.3,66.8,0.9956,3.04,0.65,10.44,6
10.71,0.67,0.21,3.05,0.0963,17.6,66.2,0.9968,3.16,0.33,10.71,5
6.81,0.445,0.22,2.08,0.0438,7.1,31.1,0.9935,3.55,0.7,11.06,5
8.11,0.329,0.27,2.38,0.0421,15.3,48.4,0.9954,3.26,0.47,9.85,5
7.53,0.607,0.38,5.01,0.1537,5.6,21.4,0.9944,3.53,0.67,11.97,5
6.31,0.742,0.36,1.43,0.1323,5.4,30.0,0.9934,3.58,0.86,10.41,5
7.74,0.426,0.3,1.57,0.0893,17.1,70.1,0.9942,3.33,0.48,10.67,5
10.18,0.315,0.47,2.8,0.0969,10.8,58.3,0.9963,3.15,0.82,10.84,5
9.26,0.634,0.0,2.32,0.0846,15.8,50.8,0.996,3.23,0.53,10.15,4
9.4,0.315,0.46,1.19,0.0973,5.8,21.2,0.9939,3.57,1.06,12.36,8
8.55,0.663,0.36,1.61,0.0625,13.0,52.4,0.9957,3.52,0.58,9.56,5
9.19,0.731,0.03,1.85,0.1292,9.0,20.9,0.9962,3.28,0.5,9.62,5
6.94,0.48,0.02,1.72,0.0744,12.9,43.7,0.9946,3.31,0.8,9.52,6
7.77,0.885,0.12,1.19,0.0727,6.1,34.1,0.9941,3.35,0.57,10.61,5
8.63,0.448,0.21,4.77,0.0804,17.1,67.1,0.9952,3.32,0.58,11.85,7
8.77,0.431,0.43,3.06,0.0609,21.7,97.6,0.9952,3.14,0.6,11.08,6
8.84,0.296,0.14,1.88,0.1026,5.6,37.3,0.9942,3.29,0.63,11.85,5
8.06,0.525,0.1,2.61,0.068,6.3,36.5,0.9953,3.48,0.87,10.17,5
7.66,0.353,0.22,4.31,0.0982,15.0,71.1,0.9944,3.13,0.39,11.74,7
13.67,0.573,0.53,1.12,0.1281,16.3,60.0,0.9987,3.14,0.72,9.98,7
9.84,0.569,0.29,1.33,0.0557,16.6,46.3,0.9959,3.4,0.79,10.24,6
9.0,0.29,0.26,2.07,0.0793,15.8,54.5,0.9948,3.21,0.71,11.32,6
7.9,0.599,0.23,3.31,0.108,8.0,37.9,0.9947,3.53,0.86,11.02,5
7.53,0.444,0.6,0.96,0.0571,8.0,40.5,0.9934,3.27,0.75,11.23,8
8.08,0.83,0.12,7.1,0.1081,5.5,33.3,0.9971,3.37,0.61,10.1,5
8.8,0.561,0.57,1.81,0.1017,4.0,15.0,0.9959,3.25,0.82,9.56,7
5.1,0.619,0.33,1.57,0.1278,16.2,54.8,0.9927,3.43,0.7,10.27,6
5.63,0.5,0.26,1.42,0.0603,3.2,33.7,0.992,3.37,0.61,11.52,6
7.22,0.556,0.74,1.19,0.0468,35.3,138.1,0.9933,3.45,0.77,11.2,6
8.65,0.782,0.06,3.25,0.0772,23.0,103.8,0.9955,3.39,0.53,10.68,5
7.89,0.343,0.19,5.57,0.0508,25.4,67.7,0.9963,3.32,0.54,10.22,5
10.81,0.511,0.03,1.7,0.1121,30.5,87.3,0.9968,3.02,0.55,10.18,5
5.78,0.439,0.42,5.47,0.043,8.3,43.4,0.9953,3.48,0.87,9.51,5
7.02,0.554,0.59,3.5,0.1778,24.5,74.5,0.994,3.42,0.33,11.32,6
10.88,0.779,0.55,1.88,0.1413,4.1,27.8,0.9966,3.15,0.71,10.6,5
8.52,0.469,0.47,2.58,0.09,2.3,17.4,0.9952,3.52,0.65,10.67,5
9.8,0.12,0.29,1.76,0.1142,20.4,74.2,0.9958,3.05,0.43,10.55,7
11.79,0.34,0.26,2.13,0.015,2.9,16.5,0.9987,2.87,0.77,8.92,7
7.12,0.565,0.03,0.99,0.1804,55.6,207.0,0.9923,3.28,0.8,12.17,7
8.13,0.421,0.74,2.69,0.0509,15.5,65.3,0.9946,3.4,0.86,11.05,8
7.84,0.643,0.33,0.98,0.0847,18.8,72.9,0.9951,3.21,0.33,9.31,5
4.98,0.522,0.16,3.45,0.0153,5.4,31.8,0.9929,3.36,0.87,10.87,5
7.77,0.273,0.53,3.51,0.104,15.4,53.9,0.9954,3.45,0.55,10.23,6
9.8,0.578,0.11,1.31,0.0402,2.5,27.1,0.9947,3.29,0.8,11.68,6
9.22,0.428,0.32,1.49,0.0936,23.8,97.8,0.9951,3.31,0.77,10.79,5
9.35,0.861,0.26,1.88,0.0627,4.2,38.0,0.995,3.35,0.53,11.31,6
7.66,0.667,0.36,2.26,0.0464,16.3,78.8,0.9959,3.29,0.75,8.81,5
7.18,0.471,0.24,1.41,0.0573,5.1,26.3,0.9932,3.32,0.57,11.39,5
10.46,0.386,0.03,2.25,0.0935,2.9,13.0,0.9962,3.3,0.33,10.89,6
7.45,0.474,0.3,1.43,0.0332,9.9,34.6,0.9943,3.19,0.88,10.26,6
8.8,0.449,0.48,0.99,0.0545,4.2,22.7,0.9946,3.03,0.55,10.77,6
8.58,0.76,0.24,0.9,0.116,17.7,59.5,0.9963,3.24,0.49,8.4,5
10.78,0.442,0.47,1.06,0.1836,5.3,28.3,0.9955,3.3,0.65,11.48,7
9.95,0.446,0.06,3.26,0.1086,7.0,29.6,0.9977,3.26,0.69,9.15,5
6.1,0.891,0.25,5.78,0.0528,12.1,61.6,0.9962,3.52,0.63,8.82,5
6.28,0.418,0.22,1.74,0.0648,6.0,43.1,0.9941,3.17,0.81,9.55,7
9.28,0.541,0.46,1.98,0.0808,7.7,29.2,0.9942,3.3,0.49,12.19,7
8.19,0.307,0.34,1.14,0.0655,22.3,75.3,0.9945,3.39,0.59,10.45,7
7.53,0.552,0.41,2.1,0.1206,4.4,25.2,0.9931,3.19,0.66,12.16,6
10.03,0.543,0.49,1.13,0.0932,3.0,12.2,0.9961,3.33,1.0,10.09,6
8.62,0.169,0.41,2.32,0.1208,6.8,35.6,0.9965,3.28,0.66,8.92,6
8.39,0.913,0.3,4.96,0.0769,8.6,26.3,0.9973,3.67,0.82,9.06,5
9.63,0.789,0.07,1.23,0.1425,11.4,48.3,0.9948,2.98,0.65,11.41,5
7.66,0.502,0.25,3.07,0.0828,7.6,27.9,0.9953,3.51,0.56,10.02,5
10.97,0.383,0.15,0.94,0.0507,20.7,66.5,0.997,3.13,0.6,9.63,5
6.96,0.549,0.23,1.61,0.1716,2.5,24.3,0.9936,3.18,0.65,10.79,6
9.42,0.505,0.22,1.08,0.015,8.8,41.4,0.9948,3.19,0.78,11.13,6
10.74,0.63,0.07,1.55,0.06,7.8,27.2,0.9958,3.22,0.87,11.29,5
5.96,0.603,0.0,1.19,0.0644,14.5,58.1,0.992,3.55,0.7,11.62,5
7.72,0.576,0.17,1.6,0.1848,42.7,124.0,0.9945,3.55,0.88,10.27,6
10.24,0.816,0.28,1.71,0.1618,10.6,28.6,0.9975,3.38,0.48,8.85,5
10.27,0.587,0.05,1.44,0.1443,54.0,174.5,0.9963,3.1,0.61,10.21,6
8.01,0.312,0.29,2.5,0.0713,6.3,15.6,0.9946,3.46,0.56,10.89,6
7.05,0.722,0.63,4.67,0.1815,2.4,8.0,0.9958,3.42,0.73,9.66,6
9.93,0.769,0.47,1.67,0.0992,4.2,28.5,0.9966,3.15,0.62,9.67,6
10.31,1.026,0.59,1.22,0.1236,8.0,27.1,0.9956,3.18,0.8,10.97,6
6.32,0.379,0.32,1.37,0.0967,6.6,26.9,0.9936,3.32,0.48,10.13,5
6.25,0.531,0.5,3.79,0.0825,3.2,17.8,0.9941,3.42,0.69,10.66,6
8.68,0.136,0.16,2.17,0.0744,8.8,39.7,0.9958,3.2,0.8,9.87,6
9.37,0.664,0.13,1.81,0.0811,7.0,19.7,0.996,3.13,0.33,9.94,5
7.79,0.317,0.0,1.14,0.1038,3.6,35.8,0.9945,3.39,1.08,10.15,7
9.45,0.817,0.5,1.8,0.0992,6.2,14.9,0.9948,3.33,0.63,11.52,6
7.09,0.358,0.57,1.39,0.0832,28.1,76.2,0.9929,3.35,0.34,11.66,6
4.71,0.203,0.19,5.2,0.1449,6.3,29.9,0.9951,3.65,0.71,8.78,6
7.58,0.33,0.28,4.13,0.015,17.0,59.1,0.9955,3.31,0.73,10.15,7
8.41,0.154,0.15,1.03,0.1049,13.4,34.5,0.9957,3.27,0.67,9.13,6
7.83,0.618,0.36,1.99,0.1132,8.7,37.9,0.995,3.41,0.85,9.97,6
6.33,0.139,0.49,1.28,0.1304,5.3,17.3,0.9932,3.39,0.81,10.54,6
5.21,0.495,0.0,1.69,0.0819,7.5,30.1,0.9937,3.47,0.73,9.18,6
7.43,0.137,0.36,4.04,0.0928,12.8,47.7,0.9958,3.05,0.76,9.7,6
9.83,0.436,0.24,2.02,0.1239,7.2,30.1,0.9967,3.24,0.66,9.62,6
10.44,0.849,0.27,1.51,0.1491,4.9,10.1,0.9963,2.98,0.94,10.38,5
10.32,0.471,0.41,1.25,0.0675,3.5,32.6,0.9955,3.06,0.47,11.14,7
6.91,0.263,0.3,3.32,0.0902,27.4,91.1,0.9946,3.22,0.74,10.35,7
6.34,0.645,0.19,2.37,0.1616,9.0,27.9,0.9942,3.28,0.61,9.9,4
9.14,0.493,0.25,1.85,0.015,13.8,43.5,0.9958,3.2,0.82,10.08,6
9.38,0.65,0.42,1.27,0.0619,10.1,46.6,0.9959,3.2,0.5,9.9,5
8.98,0.338,0.33,1.51,0.1481,26.7,96.4,0.9941,3.36,0.34,11.85,5
4.88,0.591,0.33,5.72,0.1282,11.5,24.0,0.9928,3.51,0.71,11.97,6
6.83,0.12,0.02,2.0,0.1104,9.9,45.8,0.9952,3.16,0.69,8.88,5
8.25,0.383,0.22,1.67,0.0666,33.0,143.0,0.994,3.32,0.93,11.45,6
9.13,0.407,0.45,2.01,0.0492,17.3,69.4,0.9947,3.31,0.46,11.44,6
9.6,0.598,0.3,3.16,0.0609,3.4,28.8,0.9971,3.21,0.88,9.48,6
8.55,0.734,0.29,1.52,0.1614,4.3,33.9,0.9952,3.29,0.96,10.09,3
8.86,0.331,0.57,1.2,0.0644,20.6,80.2,0.994,3.3,0.58,11.71,5
8.44,0.323,0.48,2.22,0.0886,23.7,108.6,0.9959,3.39,0.46,9.5,6
9.47,0.364,0.39,2.54,0.0444,11.5,35.3,0.9959,3.06,0.69,10.61,8
8.83,0.477,0.2,2.77,0.1182,11.7,34.4,0.9947,3.25,0.68,11.64,6
8.41,0.472,0.0,4.11,0.068,14.0,43.3,0.9959,3.49,0.74,10.45,5
7.84,0.408,0.26,1.6,0.0806,8.9,56.1,0.9939,3.5,0.58,11.18,6
8.44,0.608,0.23,1.02,0.0172,15.7,70.1,0.9942,3.41,0.94,10.97,6
9.12,0.402,0.36,5.67,0.02,3.4,20.0,0.9965,3.33,0.49,11.02,6
8.75,0.555,0.22,1.76,0.0898,41.0,165.1,0.9965,3.49,0.34,8.85,5
8.95,0.859,0.23,2.36,0.0315,18.6,65.2,0.9946,3.51,0.87,11.67,6
10.58,0.248,0.0,2.55,0.1687,14.0,42.2,0.9957,3.18,0.33,11.79,6
8.75,0.12,0.16,2.09,0.015,6.6,25.9,0.995,3.17,0.69,10.85,7
7.2,0.703,0.34,1.24,0.0575,4.1,33.7,0.9941,3.33,1.17,10.13,5
9.8,0.375,0.6,3.01,0.0852,8.3,34.4,0.9975,3.61,0.68,9.09,6
5.98,0.356,0.31,3.34,0.0649,15.0,78.7,0.9929,3.24,0.53,11.59,7
6.46,0.437,0.31,2.11,0.0453,14.1,68.9,0.9935,3.35,0.63,10.75,5
8.87,0.366,0.5,1.91,0.0412,7.8,34.4,0.9949,3.11,0.71,11.01,7
9.18,0.762,0.14,1.08,0.0449,13.4,45.4,0.9942,3.28,0.71,11.75,6
6.18,0.706,0.32,1.03,0.078,22.2,87.7,0.9936,3.27,0.75,9.84,5
7.65,0.717,0.12,1.52,0.1676,2.3,11.2,0.9941,3.33,0.46,10.74,5
7.27,0.249,0.45,1.46,0.0876,9.2,71.2,0.9947,3.13,0.97,9.61,6
7.47,0.374,0.28,5.51,0.1368,19.1,85.0,0.996,3.43,0.68,10.15,5
9.9,0.12,0.34,3.2,0.1048,11.5,48.4,0.9966,3.38,0.8,10.45,6
9.5,0.432,0.11,2.52,0.1341,14.6,38.6,0.996,3.2,0.53,10.4,5
8.27,0.653,0.42,1.99,0.015,10.7,53.4,0.9951,3.3,0.9,10.26,6
7.37,0.658,0.63,1.17,0.0773,59.8,227.8,0.9943,3.34,0.6,10.04,5
6.01,0.372,0.15,6.66,0.1318,2.7,32.5,0.994,3.45,0.77,11.9,7
10.71,0.406,0.27,1.61,0.0566,10.1,58.3,0.9963,3.18,0.56,10.64,7
9.31,0.293,0.37,1.07,0.15,3.2,8.8,0.9961,3.35,0.55,9.47,7
7.1,0.525,0.43,1.92,0.1439,4.1,15.5,0.9925,3.52,0.8,12.37,6
9.52,0.7,0.15,4.01,0.0707,7.8,31.7,0.9957,3.15,0.56,11.56,5
8.18,0.215,0.0,4.17,0.0644,4.0,14.4,0.9966,3.28,0.53,9.33,6
7.81,0.701,0.45,0.92,0.054,41.8,117.0,0.9942,3.44,0.49,10.41,4
9.04,0.809,0.35,4.16,0.0693,37.2,108.7,0.9973,3.1,0.72,9.22,4
7.04,0.499,0.0,1.38,0.0402,6.9,47.2,0.9938,3.14,0.53,10.44,5
7.72,0.609,0.18,0.96,0.1017,14.3,74.9,0.9937,3.37,0.66,10.92,6
8.51,0.968,0.57,3.72,0.0263,11.2,34.8,0.9958,3.36,0.68,10.39,6
7.45,0.472,0.55,3.89,0.1086,22.3,87.3,0.9956,3.27,0.35,9.84,6
9.44,0.637,0.42,2.26,0.1146,13.8,71.8,0.9966,3.18,0.39,9.48,5
11.48,0.445,0.22,2.18,0.0231,2.0,13.2,0.9982,3.06,0.7,9.26,5
7.02,0.361,0.38,3.42,0.1365,19.3,61.8,0.9944,3.27,0.63,10.69,8
5.47,0.648,0.23,3.21,0.11,18.5,75.9,0.9937,3.53,0.82,10.11,5
4.9,0.603,0.45,4.21,0.1195,10.6,42.9,0.9942,3.34,0.8,9.46,5
8.04,0.397,0.09,2.11,0.0592,30.0,114.4,0.9945,3.29,0.76,10.86,5
7.17,0.525,0.14,6.05,0.1094,30.7,102.5,0.9944,3.26,0.99,12.11,6
8.65,0.739,0.47,9.24,0.1296,10.9,53.8,0.9984,3.12,0.67,10.04,6
8.53,0.646,0.24,1.09,0.0856,13.2,56.9,0.9948,3.4,0.75,10.41,5
5.57,0.734,0.5,3.74,0.1696,68.0,174.7,0.9936,3.38,0.54,10.67,5
5.21,0.45,0.17,1.94,0.0863,6.3,30.4,0.9922,3.49,1.1,11.1,6
8.8,0.617,0.28,1.64,0.1301,6.7,29.6,0.995,3.1,1.02,10.7,6
8.53,0.617,0.08,2.32,0.1012,4.4,28.7,0.9949,3.21,0.64,10.92,5
7.58,0.248,0.33,0.99,0.1029,29.1,91.2,0.9932,3.44,0.79,11.56,7
5.48,0.624,0.0,1.96,0.0226,18.4,43.4,0.9942,3.76,0.87,8.94,5
9.1,0.401,0.16,3.97,0.1043,3.3,20.4,0.9958,3.03,0.61,11.04,5
10.46,0.302,0.07,1.26,0.0501,50.1,201.6,0.995,3.18,0.61,11.96,7
8.77,0.602,0.37,1.73,0.0556,17.8,53.8,0.996,3.34,0.79,9.41,5
6.86,0.541,0.42,5.11,0.1543,24.8,88.6,0.995,3.31,0.69,10.66,6
8.38,0.368,0.0,1.74,0.0809,2.6,13.0,0.9946,3.41,0.67,10.86,5
5.98,0.749,0.49,1.57,0.0494,10.4,34.7,0.9935,3.32,0.5,9.97,5
10.1,0.427,0.82,1.77,0.0601,16.4,66.3,0.9944,3.24,0.47,12.6,8
8.44,0.45,0.26,2.0,0.0375,11.4,46.0,0.9934,3.24,0.68,12.54,5
5.29,0.149,0.21,2.4,0.1369,15.2,40.5,0.9931,3.61,0.87,10.29,7
7.79,0.545,0.76,3.32,0.0617,22.4,71.5,0.9964,3.25,0.6,8.79,5
9.09,0.494,0.01,1.8,0.1107,7.6,46.5,0.9954,3.23,0.88,10.48,5
7.73,0.669,0.21,3.45,0.1487,24.7,68.7,0.9951,3.45,0.48,10.45,4
7.83,0.428,0.32,2.04,0.0645,4.1,28.5,0.9947,3.21,0.5,10.39,6
6.22,0.229,0.49,1.52,0.1108,5.8,44.0,0.9924,3.42,0.63,11.63,5
9.26,0.344,0.39,2.51,0.0383,2.5,24.5,0.9964,3.04,0.71,9.74,7
7.2,0.438,0.2,2.8,0.1823,7.4,38.5,0.9938,3.23,0.81,11.32,6
4.63,0.518,0.16,2.12,0.117,7.7,37.3,0.9924,3.54,0.59,10.47,7
7.67,0.451,0.19,0.99,0.0818,21.6,73.4,0.9929,3.22,0.87,11.89,5
9.97,0.695,0.15,1.18,0.0486,14.7,42.1,0.9937,3.16,1.05,13.07,7
7.64,0.165,0.3,1.4,0.0799,8.9,28.6,0.9947,3.4,0.67,9.86,6
11.25,0.713,0.19,1.4,0.0709,14.7,75.4,0.9971,3.09,0.89,10.08,6
9.03,0.452,0.02,2.58,0.1626,2.7,12.0,0.9949,3.37,0.5,11.48,6
8.88,0.636,0.52,0.93,0.0355,4.4,19.1,0.9951,3.31,0.86,10.24,6
8.08,0.504,0.2,3.01,0.0899,13.8,50.9,0.9951,3.37,0.86,10.58,6
8.18,0.764,0.02,1.36,0.0888,14.3,63.2,0.9948,3.46,0.79,10.2,5
7.85,0.584,0.18,1.46,0.0898,19.9,70.9,0.9961,3.37,0.6,8.4,4
7.79,0.223,0.34,2.03,0.0752,8.2,49.8,0.9941,3.52,0.33,11.06,7
9.2,0.731,0.0,1.26,0.0799,17.4,73.1,0.9957,3.37,0.57,9.94,6
6.71,0.471,0.35,4.14,0.1194,15.8,62.0,0.9949,3.33,0.57,10.13,6
6.47,0.528,0.1,1.03,0.1089,41.7,156.7,0.992,3.56,0.51,12.07,6
6.39,0.78,0.56,1.78,0.1063,4.9,32.1,0.9948,3.44,0.66,8.92,5
11.78,0.395,0.34,3.74,0.015,11.6,40.7,0.9976,3.09,0.57,10.99,5
9.2,0.591,0.22,2.34,0.0965,13.0,61.6,0.9958,3.3,0.54,10.35,6
8.82,0.47,0.12,1.42,0.0233,68.0,246.7,0.9955,3.42,0.46,9.9,5
6.5,0.548,0.23,1.72,0.1154,4.7,17.2,0.9932,3.45,0.52,10.97,5
9.36,0.502,0.4,2.74,0.1435,10.9,46.9,0.9956,3.48,0.87,10.97,6
8.1,0.315,0.25,6.33,0.0525,7.1,21.5,0.9963,3.45,0.53,10.75,5
8.66,0.358,0.25,4.25,0.074,11.0,33.2,0.9952,3.35,0.59,11.59,6
6.64,0.8,0.26,1.53,0.0655,5.2,23.5,0.9941,3.27,0.56,9.84,5
8.57,0.641,0.18,10.38,0.1339,2.6,22.4,0.9988,3.27,0.74,10.01,6
7.58,0.559,0.19,0.91,0.0933,12.2,39.2,0.9951,3.35,0.72,9.09,5
7.0,0.611,0.0,0.94,0.1586,6.9,29.1,0.9945,3.46,0.33,9.35,5
9.55,0.6,0.39,3.5,0.1111,4.4,19.9,0.9946,3.32,0.77,12.67,4
5.69,0.801,0.3,1.23,0.0992,6.7,20.2,0.992,3.46,0.88,11.42,5
9.26,0.536,0.11,0.99,0.0922,2.6,17.3,0.9965,3.28,0.46,8.82,5
9.46,0.529,0.63,1.31,0.1172,38.1,137.4,0.9964,3.34,0.51,9.3,6
6.8,0.685,0.31,1.73,0.015,12.4,56.7,0.9933,3.28,0.6,11.11,6
6.91,0.438,0.06,2.87,0.0929,22.2,95.3,0.9941,3.58,0.51,10.72,5
7.92,0.755,0.44,2.37,0.0817,8.6,51.3,0.9943,3.08,0.72,11.17,6
8.78,0.15,0.4,1.31,0.1085,30.0,118.2,0.9947,3.46,0.39,10.82,7
8.04,0.767,0.36,1.95,0.077,9.9,27.2,0.9947,3.32,0.49,10.5,6
9.04,0.587,0.13,4.81,0.053,12.2,48.3,0.9969,3.39,0.86,10.05,4
11.3,0.449,0.37,3.43,0.0848,10.1,44.4,0.9974,3.2,0.52,10.71,6
7.44,0.249,0.2,1.49,0.0462,17.9,69.3,0.9958,3.39,0.85,8.4,5
5.38,0.493,0.35,6.95,0.015,12.0,44.1,0.9953,3.52,0.7,9.95,5
9.7,0.153,0.03,2.75,0.1036,5.8,24.8,0.9961,3.34,0.45,10.67,8
11.16,0.467,0.17,1.0,0.1127,3.9,16.7,0.9966,3.13,0.75,10.35,5
8.97,0.467,0.6,0.95,0.1032,13.2,58.5,0.9925,3.4,0.66,13.61,6
6.45,0.653,0.15,1.18,0.1366,10.1,50.9,0.9929,3.27,0.6,10.99,6
8.09,0.525,0.18,2.85,0.0579,3.2,27.7,0.9953,3.32,0.72,10.31,6
6.4,0.542,0.21,1.2,0.0273,8.0,19.1,0.9924,3.51,0.76,11.55,6
9.39,0.544,0.0,1.97,0.0967,10.7,50.5,0.9963,3.37,0.68,9.76,3
6.0,0.42,0.0,1.05,0.0756,23.0,67.3,0.9928,3.48,0.84,10.6,5
7.79,0.796,0.25,4.71,0.0508,2.9,8.0,0.995,3.29,0.75,11.23,6
6.59,0.445,0.27,1.53,0.0863,7.1,24.2,0.9921,3.5,0.41,12.23,5
8.52,0.852,0.24,4.48,0.065,22.8,81.5,0.9972,3.22,0.56,9.04,5
7.68,0.609,0.18,5.25,0.0211,14.5,54.5,0.996,3.55,1.1,10.2,4
8.6,0.57,0.26,0.91,0.0719,6.1,39.9,0.9957,3.28,0.76,9.25,5
8.34,0.752,0.43,1.84,0.044,24.4,69.0,0.9947,3.12,1.04,10.73,5
6.62,0.786,0.22,0.94,0.0988,10.2,31.0,0.9943,3.25,0.88,9.26,5
9.37,0.471,0.19,4.49,0.0583,10.3,47.3,0.9969,3.26,0.72,10.21,6
8.22,0.424,0.24,2.0,0.129,47.1,173.0,0.995,3.33,0.73,10.33,6
6.62,0.48,0.39,1.02,0.1487,37.3,91.2,0.9925,3.63,0.67,11.6,6
12.11,0.627,0.5,1.08,0.1167,7.3,48.4,0.9967,2.99,0.34,11.09,5
9.11,0.722,0.14,1.63,0.0275,3.8,21.3,0.9966,3.27,0.64,8.93,5
8.04,0.571,0.27,5.13,0.1497,6.7,27.5,0.9962,3.2,0.85,10.23,5
10.71,0.595,0.35,2.67,0.1475,2.4,9.1,0.9973,3.13,0.58,9.92,6
11.43,0.769,0.11,3.93,0.0853,2.3,24.7,0.9988,3.36,0.75,9.37,6
8.05,0.715,0.21,1.58,0.1474,8.0,41.5,0.9954,3.19,0.74,9.51,4
8.89,0.463,0.07,0.97,0.0574,36.0,124.2,0.9947,3.35,0.57,10.77,7
6.62,0.312,0.0,6.39,0.015,26.6,104.3,0.9938,3.44,0.56,12.6,5
8.05,0.12,0.36,0.93,0.0541,10.6,41.9,0.9939,3.32,0.51,11.06,6
7.96,0.556,0.22,5.32,0.1537,12.0,46.8,0.997,3.39,0.54,9.25,6
8.61,0.394,0.37,1.59,0.0199,2.1,10.3,0.995,3.16,0.5,10.51,7
8.87,0.402,0.29,0.92,0.0845,4.9,16.2,0.994,3.48,0.53,11.65,6
9.25,0.531,0.11,2.65,0.0859,2.3,21.0,0.9941,3.49,0.92,12.71,6
8.7,0.56,0.24,6.81,0.069,18.9,52.8,0.9986,3.3,0.48,8.59,5
6.24,0.682,0.07,5.96,0.0668,3.9,21.9,0.9965,3.7,0.7,8.75,6
6.7,0.585,0.5,1.16,0.0924,26.4,68.3,0.9922,3.34,0.55,12.05,5
7.37,0.283,0.09,1.2,0.057,14.4,75.7,0.9932,3.4,0.92,11.46,7
7.82,0.658,0.25,2.15,0.0276,5.1,23.2,0.9952,3.51,0.9,9.76,6
10.09,0.453,0.1,2.42,0.0931,4.1,33.5,0.9958,3.17,0.83,11.16,6
6.32,0.66,0.35,2.92,0.1324,13.9,52.8,0.9956,3.24,0.69,8.4,5
7.69,0.409,0.23,1.2,0.1193,29.7,110.9,0.9941,3.15,0.64,10.63,6
9.92,0.38,0.2,5.69,0.0521,17.2,67.1,0.9972,3.48,0.48,10.95,6
7.79,0.504,0.44,2.43,0.0345,7.1,25.4,0.9939,3.27,1.01,11.55,6
9.08,0.572,0.26,3.72,0.0781,12.6,43.6,0.9972,3.25,0.51,9.16,5
8.06,0.652,0.34,2.07,0.1522,6.5,51.0,0.995,3.19,0.75,10.26,5
8.74,0.524,0.07,1.7,0.1153,68.0,237.1,0.9961,3.4,0.82,9.25,5
7.91,0.258,0.0,6.57,0.1177,18.6,77.5,0.9965,3.24,0.55,10.43,5
9.43,0.336,0.35,2.21,0.1151,13.4,62.4,0.996,3.19,0.9,10.18,7
5.67,0.705,0.19,3.92,0.1063,8.6,39.7,0.9944,3.48,0.77,9.77,5
7.68,0.359,0.44,5.5,0.0843,13.6,29.8,0.9962,3.21,1.01,10.08,7
8.8,0.528,0.24,2.59,0.116,7.0,38.9,0.9952,3.26,0.56,10.83,5
9.21,0.738,0.29,2.09,0.0677,2.4,8.0,0.9952,3.43,0.42,11.03,5
10.84,0.369,0.0,0.91,0.0279,8.0,34.7,0.9963,3.23,0.59,10.39,6
7.64,0.228,0.63,0.96,0.1134,34.0,152.7,0.9939,3.36,0.72,10.66,6
10.82,0.463,0.26,1.24,0.134,13.8,44.1,0.9974,3.21,0.69,9.18,6
7.18,0.408,0.42,1.21,0.0398,3.1,11.6,0.9939,3.32,0.61,10.33,6
10.56,0.326,0.14,1.34,0.1174,28.0,102.5,0.9962,3.44,0.36,10.57,6
9.69,0.54,0.31,1.45,0.1567,5.8,24.7,0.9938,3.14,0.72,12.8,5
6.75,0.414,0.14,1.57,0.0744,5.4,17.3,0.9937,3.41,1.1,10.41,8
8.82,0.408,0.41,1.72,0.0468,6.2,26.4,0.9935,3.3,0.8,12.54,7
8.21,0.542,0.23,1.06,0.0894,12.3,57.3,0.9936,3.44,0.78,11.62,6
9.36,0.878,0.26,0.96,0.0675,11.4,42.3,0.9953,3.39,0.74,10.46,5
7.92,0.432,0.42,2.58,0.0598,10.1,39.7,0.9934,3.33,0.75,12.38,6
7.78,0.617,0.03,2.06,0.1068,17.2,80.0,0.9945,3.37,0.8,10.55,5
10.63,0.563,0.09,1.78,0.0304,6.6,26.9,0.9968,3.23,0.67,10.11,4
8.13,0.426,0.33,2.41,0.0317,20.3,65.9,0.9953,3.05,0.59,10.12,5
9.7,0.391,0.67,3.54,0.0853,4.3,26.8,0.9954,3.05,0.54,11.85,6
7.92,0.329,0.31,1.74,0.0786,20.3,94.7,0.9932,3.26,0.68,12.17,7
11.13,0.551,0.4,2.44,0.0982,15.1,58.8,0.9975,3.1,0.73,10.0,6
7.15,0.889,0.27,5.5,0.1595,15.8,51.7,0.9965,3.22,0.63,9.31,6
7.26,0.448,0.6,3.65,0.0937,9.9,53.3,0.9953,3.45,0.69,9.97,5
10.89,0.499,0.0,1.73,0.1134,15.2,54.5,0.9975,3.18,0.71,9.37,5
7.54,0.559,0.27,2.45,0.0505,3.0,20.9,0.9949,3.32,0.78,10.11,5
11.02,0.397,0.08,1.19,0.1052,24.9,86.0,0.9947,3.02,0.98,12.76,8
9.82,0.615,0.0,2.13,0.0684,2.7,13.1,0.9967,3.23,0.65,9.72,5
8.04,0.628,0.38,6.87,0.0824,3.9,22.6,0.9962,3.01,0.5,11.03,7
5.22,0.12,0.32,2.0,0.0801,12.3,70.9,0.9926,3.44,0.62,10.68,6
8.27,0.164,0.2,4.84,0.1308,18.1,59.7,0.9956,3.32,0.65,11.02,5
8.47,0.406,0.27,1.68,0.0321,3.0,26.4,0.9966,3.33,0.37,8.4,6
10.28,0.677,0.85,11.05,0.015,32.4,108.1,1.0003,3.02,0.92,10.02,6
11.0,0.144,0.28,2.2,0.071,45.6,171.0,0.9963,3.2,0.74,11.29,7
7.14,0.12,0.42,0.96,0.0982,13.2,62.5,0.9923,3.24,0.78,12.28,7
9.66,0.667,0.13,2.23,0.0956,9.9,42.9,0.9966,3.14,0.87,9.68,5
9.6,0.611,0.3,1.38,0.1388,18.2,52.1,0.9973,3.33,0.53,8.4,5
10.12,0.305,0.25,0.95,0.102,6.8,30.8,0.9952,3.46,0.78,11.24,6
9.15,0.242,0.26,3.48,0.0569,10.2,51.0,0.9961,3.27,0.7,10.44,7
5.0,0.405,0.58,1.38,0.015,31.7,93.2,0.9936,3.38,0.61,8.99,5
8.04,0.509,0.5,3.29,0.075,39.4,153.7,0.9956,3.35,0.55,10.0,6
6.34,0.384,0.31,1.41,0.1256,33.4,124.9,0.9933,3.52,0.96,10.44,6
7.96,0.574,0.0,1.22,0.0688,5.7,28.6,0.9947,3.4,0.62,10.02,6
9.97,0.12,0.19,6.37,0.0906,5.2,38.6,0.9995,3.56,0.76,8.4,5
8.82,0.344,0.78,1.57,0.1014,6.2,31.7,0.9943,3.2,0.36,11.52,6
10.25,0.219,0.29,2.28,0.0389,9.0,52.2,0.9949,3.24,0.92,12.35,7
8.88,0.526,0.45,2.31,0.1144,6.5,33.7,0.9952,3.47,0.82,10.83,5
6.09,0.479,0.51,2.13,0.155,7.6,34.3,0.9946,3.6,0.66,9.04,5
4.6,0.546,0.37,4.59,0.0726,13.6,52.6,0.9931,3.26,0.68,10.87,7
8.55,0.254,0.1,2.58,0.0443,19.3,52.8,0.9956,3.3,0.71,10.17,5
7.94,0.498,0.0,1.68,0.0818,18.0,60.5,0.9939,3.51,1.07,11.22,6
6.64,0.585,0.41,3.87,0.015,22.2,67.2,0.9939,3.74,0.38,11.29,6
5.41,0.886,0.1,1.2,0.103,2.4,31.2,0.9934,3.54,0.77,9.44,5
7.05,0.328,0.36,2.08,0.0976,2.6,28.2,0.9935,3.33,0.57,11.16,7
7.97,0.625,0.03,5.41,0.1565,20.7,64.5,0.9959,3.21,0.64,10.63,5
9.43,0.183,0.24,2.37,0.0767,11.1,38.7,0.9946,3.52,0.64,12.08,6
8.62,0.163,0.26,3.45,0.1058,12.4,49.1,0.9954,3.38,0.57,10.88,5
11.03,0.634,0.34,2.49,0.05,2.6,28.3,0.9963,3.07,0.68,11.41,6
6.54,0.569,0.05,3.64,0.0752,5.5,21.3,0.9945,3.37,0.45,10.26,5
9.8,0.77,0.47,5.24,0.0285,14.2,61.3,0.9964,3.27,0.81,11.59,5
8.38,0.177,0.22,1.38,0.0717,25.5,87.8,0.9939,3.37,0.41,11.48,7
9.48,0.658,0.0,1.18,0.0773,31.9,135.6,0.9964,3.14,0.73,9.31,5
7.56,0.808,0.27,1.89,0.0965,10.3,41.4,0.9931,3.27,0.62,12.03,6
10.12,0.641,0.26,2.72,0.0646,11.5,38.8,0.9962,3.02,0.44,10.87,5
8.8,0.537,0.32,1.29,0.0878,23.5,79.4,0.9952,3.41,0.71,10.18,6
7.14,0.571,0.5,0.91,0.0762,11.3,54.0,0.9943,3.33,0.38,9.7,5
8.28,0.143,0.29,1.53,0.0662,10.7,38.4,0.994,3.37,0.73,11.37,7
7.89,0.8,0.23,6.1,0.0927,30.3,100.0,0.9962,3.5,0.4,10.64,5
9.13,0.466,0.05,2.68,0.0911,20.7,86.2,0.9959,3.29,0.72,10.37,5
6.29,0.656,0.4,1.67,0.1199,30.8,125.5,0.9934,3.4,0.48,10.49,5
8.25,0.304,0.28,1.22,0.0847,5.0,18.1,0.9935,3.34,0.56,11.87,5
8.97,0.289,0.21,1.56,0.0705,10.9,40.3,0.9942,3.28,0.73,11.7,6
8.36,0.814,0.0,1.18,0.0823,24.2,101.3,0.9947,3.46,0.51,10.37,5
10.59,0.431,0.55,1.07,0.0559,3.4,10.2,0.9953,3.23,0.67,11.57,6
9.62,0.817,0.03,4.46,0.0751,21.0,102.6,0.9979,3.18,0.38,9.14,5
8.29,0.557,0.14,9.98,0.1707,4.4,20.6,0.998,3.44,0.75,10.57,5
8.67,0.177,0.35,1.17,0.048,21.8,56.1,0.9933,3.44,0.98,12.43,6
8.8,0.642,0.07,0.98,0.0734,13.4,56.9,0.9949,3.12,1.15,10.41,6
8.99,0.47,0.0,1.5,0.074,4.6,29.5,0.9961,3.46,0.66,9.33,5
5.2,0.689,0.0,1.83,0.0796,9.7,43.2,0.9935,3.51,0.77,9.52,5
7.79,0.654,0.34,1.24,0.0813,15.7,46.6,0.9957,3.37,0.33,8.64,4
5.78,0.228,0.19,1.44,0.0957,14.1,62.7,0.9934,3.56,0.94,9.84,6
10.47,0.518,0.82,1.24,0.0161,8.7,29.8,0.9963,3.13,0.81,10.25,6
8.2,0.863,0.11,3.13,0.126,29.6,94.3,0.9963,3.43,0.6,9.22,6
7.97,0.574,0.12,2.77,0.1098,10.8,34.4,0.9949,3.28,0.89,10.64,6
9.82,0.48,0.19,2.41,0.0348,10.5,46.7,0.9953,3.06,0.64,11.53,6
9.02,0.673,0.33,1.63,0.015,2.8,29.6,0.9959,3.15,0.6,9.72,6
6.38,0.446,0.25,4.5,0.0404,32.6,102.6,0.9929,3.47,0.8,12.59,7
8.18,0.606,0.36,6.14,0.0798,4.3,31.1,0.9963,3.2,0.46,10.69,5
7.73,0.384,0.07,1.19,0.1927,11.0,38.3,0.9936,3.53,0.81,11.21,5
5.33,0.61,0.0,1.28,0.1112,21.5,77.3,0.9933,3.6,0.46,9.52,5
7.13,0.746,0.0,2.02,0.0172,4.9,17.9,0.9937,3.53,0.46,11.03,5
7.99,0.348,0.0,1.04,0.0569,11.0,38.7,0.9951,3.34,0.53,9.53,6
8.1,0.652,0.24,1.76,0.0774,5.3,29.4,0.9935,3.35,0.85,11.97,7
5.78,0.634,0.16,2.21,0.1046,19.1,56.0,0.9937,3.29,0.5,9.9,4
10.26,0.419,0.14,2.01,0.0369,12.0,43.3,0.9961,3.33,0.41,10.73,5
8.13,0.74,0.47,1.5,0.0841,25.3,84.5,0.9958,3.36,0.54,9.0,5
8.36,0.361,0.55,2.07,0.0508,29.0,115.7,0.9952,3.37,0.71,10.18,7
8.98,0.699,0.19,5.68,0.0453,14.6,59.8,0.9966,3.48,0.44,10.77,5
6.96,0.44,0.0,1.25,0.0949,17.5,84.6,0.9943,3.3,0.48,9.68,6
9.08,0.56,0.15,2.5,0.1205,11.6,45.1,0.9955,3.26,1.0,10.64,5
7.68,0.654,0.14,0.97,0.1231,7.8,37.8,0.9954,3.38,0.49,8.81,5
6.78,0.379,0.25,1.0,0.0975,14.5,63.1,0.9919,3.27,0.71,12.37,8
9.27,0.12,0.2,2.1,0.0596,30.7,105.9,0.9962,3.24,0.66,9.84,7
10.84,0.539,0.05,1.07,0.1281,8.5,37.0,0.9968,3.24,0.49,9.83,3
9.53,0.568,0.26,0.93,0.0919,6.5,24.3,0.9944,3.21,0.83,11.7,7
9.87,0.468,0.18,1.18,0.0899,7.9,31.3,0.9961,3.39,0.84,9.93,6
7.41,0.321,0.37,2.15,0.055,8.9,41.6,0.9934,3.17,0.67,11.66,7
5.58,0.339,0.31,2.72,0.0696,2.9,14.9,0.9933,3.58,0.43,10.44,5
10.83,0.306,0.13,1.24,0.0875,10.3,52.8,0.9967,3.26,0.9,10.09,6
11.79,0.146,0.52,2.56,0.1821,10.2,40.2,0.9983,3.07,0.66,9.62,6
10.92,0.473,0.11,1.2,0.0965,12.7,57.1,0.9979,3.07,0.97,8.66,6
7.73,0.468,0.0,2.33,0.0651,7.4,19.7,0.9946,3.09,0.33,10.52,5
6.34,0.486,0.28,1.7,0.0612,13.4,25.3,0.9951,3.31,0.63,8.4,4
6.49,0.558,0.1,2.49,0.0698,27.3,107.3,0.994,3.53,0.97,10.27,5
5.44,0.552,0.35,8.86,0.1716,39.3,154.7,0.9958,3.45,0.62,10.36,6
8.12,0.926,0.0,5.07,0.0735,12.5,35.9,0.9957,3.46,0.6,10.85,5
11.03,0.233,0.54,0.91,0.1208,2.5,33.3,0.9965,3.1,0.73,10.32,6
8.06,0.607,0.45,4.15,0.0645,43.8,129.8,0.9954,3.41,0.63,10.75,7
8.81,0.735,0.0,1.0,0.0999,16.7,53.2,0.9945,3.2,0.59,10.91,5
10.64,0.358,0.02,5.49,0.1162,6.9,26.9,0.9976,3.08,0.62,10.96,6
7.61,0.605,0.55,1.4,0.0666,3.9,42.7,0.9942,3.33,0.53,10.49,5
11.76,0.332,0.2,1.62,0.0539,3.9,11.2,0.9963,3.06,0.93,11.54,7
11.69,0.602,0.1,1.04,0.1559,4.2,26.1,0.9984,2.96,0.72,8.64,5
8.08,0.747,0.0,1.08,0.1239,2.6,16.9,0.9937,3.3,0.72,11.38,6
7.32,0.593,0.23,2.85,0.1161,29.9,81.9,0.994,3.37,0.82,11.24,6
9.49,0.496,0.29,5.23,0.111,11.3,61.4,0.9974,3.4,0.68,10.06,7
7.71,0.417,0.42,2.32,0.1029,16.4,60.0,0.9947,3.45,0.55,10.38,6
6.33,0.238,0.04,2.79,0.1652,23.1,110.9,0.9938,3.55,0.58,10.59,6
10.48,0.455,0.02,3.05,0.0863,20.8,95.7,0.9969,3.29,0.68,10.49,6
10.37,0.615,0.41,1.36,0.1026,27.7,74.2,0.9954,3.25,0.54,11.41,7
8.56,0.23,0.47,0.97,0.0265,43.0,114.9,0.9934,3.15,0.59,12.06,6
6.15,0.471,0.0,0.9,0.0615,8.9,39.1,0.9927,3.44,0.51,10.81,4
6.21,0.431,0.52,1.55,0.0315,38.0,151.4,0.9939,3.49,1.08,9.76,7
8.48,0.323,0.3,1.31,0.1355,17.4,57.7,0.9942,3.48,0.33,11.25,6
7.45,0.355,0.49,1.0,0.015,2.9,25.9,0.9928,3.43,0.65,11.95,6
7.72,0.498,0.24,1.2,0.0734,15.7,68.1,0.9941,3.49,0.93,10.56,5
10.04,0.258,0.0,1.1,0.015,15.9,71.9,0.9948,3.1,0.7,11.72,6
9.55,0.404,0.22,4.6,0.0562,30.4,141.0,0.9955,3.21,0.77,12.19,5
10.64,0.61,0.48,1.13,0.0649,7.6,52.4,0.9953,3.24,0.7,11.65,6
6.62,0.348,0.09,2.06,0.1449,12.6,64.0,0.9938,3.53,0.53,10.42,5
7.72,0.218,0.22,2.25,0.1004,2.1,14.1,0.9937,3.32,0.33,11.67,6
9.59,0.223,0.34,2.08,0.0412,6.8,22.8,0.9949,3.24,0.79,11.67,8
9.06,0.694,0.0,1.06,0.1321,2.8,13.7,0.9953,3.35,0.51,10.2,5
10.91,0.377,0.63,1.48,0.0802,10.9,55.3,0.9963,3.04,0.58,10.72,7
9.01,0.491,0.09,0.98,0.091,22.4,88.4,0.994,3.47,0.56,11.74,5
11.44,0.418,0.42,1.66,0.0314,4.8,30.8,0.9972,3.05,1.02,10.26,7
9.22,0.193,0.27,1.21,0.0449,11.0,27.2,0.9939,3.03,1.09,12.16,6
10.11,0.574,0.52,2.14,0.0515,4.7,32.1,0.9957,3.22,0.72,11.12,6
7.75,0.555,0.36,2.67,0.0864,3.5,22.3,0.9958,3.54,0.6,9.23,6
8.32,0.34,0.29,2.04,0.0826,10.6,48.2,0.9942,3.38,0.52,11.44,7
9.85,0.741,0.09,1.75,0.1513,3.0,27.8,0.9976,3.32,0.72,8.4,5
11.04,0.378,0.39,1.63,0.1049,12.6,62.8,0.9964,3.18,0.94,10.8,5
9.54,0.682,0.0,3.66,0.015,2.4,28.5,0.9956,3.23,0.64,11.51,6
8.16,0.516,0.41,1.27,0.095,3.4,20.8,0.9949,3.13,0.33,10.03,6
10.64,0.433,0.09,2.89,0.0265,11.6,29.0,0.9967,2.92,0.79,10.75,6
4.6,0.487,0.52,3.03,0.0459,12.7,51.2,0.9911,3.52,0.85,12.58,6
5.88,0.552,0.28,1.72,0.057,2.4,8.0,0.9938,3.59,0.37,9.67,5
9.46,0.697,0.41,1.43,0.058,12.2,28.2,0.9962,3.29,0.71,9.57,6
8.32,0.387,0.26,1.85,0.0345,23.9,96.0,0.9939,3.38,0.72,11.66,5
9.33,0.36,0.0,1.05,0.0926,17.4,66.9,0.9936,3.45,0.67,12.59,6
8.41,0.906,0.02,0.97,0.0431,3.7,16.7,0.9956,3.34,0.43,9.28,3
9.27,0.469,0.37,1.08,0.1038,12.8,50.5,0.9947,3.25,0.81,11.19,5
6.92,0.723,0.28,1.21,0.179,15.4,58.2,0.9928,3.28,0.57,11.52,5
9.27,0.859,0.46,1.95,0.0363,2.5,8.4,0.9964,3.5,0.39,9.43,5
9.99,0.422,0.36,3.74,0.0731,25.2,100.3,0.9971,3.29,0.33,10.14,6
10.37,0.686,0.08,1.3,0.015,30.4,93.0,0.9954,3.09,0.85,11.41,5
11.72,0.374,0.11,5.0,0.0775,24.8,69.3,0.9974,3.0,0.74,11.86,5
8.71,0.698,0.27,5.55,0.1152,22.9,111.3,0.9964,3.44,0.65,10.74,5
8.77,0.604,0.0,5.69,0.1183,18.4,56.3,0.9977,3.16,0.57,9.3,5
5.71,0.65,0.55,3.63,0.0926,14.0,73.2,0.9924,3.66,0.55,12.16,5
7.4,0.46,0.33,1.58,0.1251,15.6,59.8,0.9948,3.02,0.46,9.64,5
7.97,0.208,0.51,1.01,0.1863,21.7,66.0,0.9945,3.5,0.61,10.29,6
10.09,0.576,0.01,2.16,0.153,15.0,46.1,0.9959,3.28,0.33,10.97,6
7.26,0.139,0.51,2.13,0.0636,6.8,26.8,0.9929,3.38,0.55,12.18,6
9.65,0.436,0.69,3.75,0.0265,7.7,42.3,0.9958,3.22,0.63,11.48,6
8.3,0.73,0.01,9.18,0.0733,29.3,78.8,0.9977,3.54,0.74,10.59,5
8.0,0.443,0.47,1.96,0.0416,2.2,24.3,0.9939,3.41,0.71,11.54,7
8.72,0.821,0.29,1.54,0.1026,16.4,75.3,0.9949,3.18,0.82,10.67,6
7.64,0.664,0.01,1.21,0.0373,39.2,94.3,0.9936,3.14,0.91,11.18,6
7.57,0.539,0.3,0.91,0.0916,16.7,67.5,0.9956,3.37,0.78,8.4,4
5.4,0.575,0.4,1.97,0.123,63.2,175.8,0.9934,3.45,0.72,9.88,5
7.88,0.562,0.14,2.12,0.0855,16.0,52.8,0.9947,3.15,0.64,10.42,5
7.48,0.301,0.46,3.51,0.0516,2.4,12.7,0.9961,3.34,0.47,9.02,5
7.42,0.33,0.0,1.95,0.1315,23.1,77.4,0.9939,3.28,0.81,11.01,6
9.01,0.395,0.02,4.62,0.015,6.0,28.1,0.9965,3.28,0.97,10.42,6
9.42,0.144,0.31,2.38,0.0714,9.1,19.6,0.9943,3.34,0.74,12.38,6
8.69,0.498,0.29,3.65,0.0828,6.5,39.8,0.9945,3.47,1.01,12.2,6
9.99,0.448,0.16,1.14,0.0851,5.8,25.2,0.996,3.33,0.42,10.16,6
9.28,0.206,0.44,3.8,0.0917,8.8,9.2,0.9963,3.17,0.48,10.47,6
7.8,0.479,0.43,2.59,0.1039,7.7,32.0,0.9944,3.38,0.87,11.0,7
7.51,0.772,0.36,1.18,0.0931,14.0,55.4,0.995,3.36,0.64,9.27,4
8.83,0.609,0.23,1.22,0.0748,22.1,94.8,0.9951,3.12,0.86,10.37,5
9.28,0.675,0.28,4.82,0.0832,6.2,20.2,0.9983,3.31,0.56,8.52,3
10.68,0.591,0.21,0.95,0.06,4.9,15.2,0.997,3.41,0.53,9.49,6
10.32,0.526,0.7,1.83,0.111,15.2,54.1,0.9953,3.21,0.68,11.7,7
7.38,0.622,0.1,1.46,0.0636,15.3,52.7,0.9938,3.16,0.38,10.8,5
8.13,0.27,0.71,2.54,0.1134,29.8,114.4,0.9952,3.32,0.53,10.27,7
9.44,0.617,0.26,3.65,0.0903,2.2,20.6,0.9959,3.11,0.81,11.07,5
10.12,0.613,0.08,1.57,0.0586,25.0,76.2,0.9961,3.32,0.87,10.44,7
9.9,0.469,0.5,1.74,0.1142,10.8,39.8,0.996,3.29,0.7,10.43,5
8.19,0.927,0.27,6.92,0.0604,13.7,68.0,0.9964,3.29,0.35,11.0,5
6.17,0.401,0.44,3.2,0.11,3.1,24.8,0.9938,3.38,0.62,10.59,6
6.6,0.576,0.47,4.31,0.098,8.8,31.4,0.9945,3.37,0.43,10.63,5
8.76,0.456,0.31,1.77,0.0656,5.1,26.8,0.9958,3.29,0.84,9.66,5
8.88,0.608,0.14,1.3,0.1106,5.5,31.9,0.9955,3.19,0.54,9.98,5
6.43,0.194,0.47,1.7,0.1064,10.4,48.1,0.9935,3.24,0.5,10.42,6
8.38,0.397,0.29,2.79,0.1308,22.1,91.9,0.9958,3.44,0.69,9.88,6
9.37,0.384,0.37,1.07,0.1281,18.3,82.4,0.9957,3.21,0.53,10.0,5
6.34,0.513,0.0,1.37,0.1042,12.7,51.1,0.9944,3.43,0.93,9.08,6
10.18,0.659,0.37,0.97,0.0394,11.3,44.3,0.9961,3.25,0.56,10.13,6
7.66,0.68,0.14,1.75,0.1874,8.7,37.6,0.9948,3.38,0.4,9.89,5
10.44,0.167,0.55,3.54,0.0334,45.2,124.5,0.9975,3.06,0.33,9.92,5
7.39,0.917,0.36,0.94,0.1275,11.9,48.5,0.9943,3.15,0.63,9.93,5
6.55,0.62,0.29,2.59,0.1068,5.5,33.7,0.9942,3.33,0.54,10.11,5
7.52,0.358,0.38,4.94,0.0375,5.1,13.4,0.9951,3.4,0.44,11.1,6
8.14,0.597,0.07,1.31,0.0845,13.3,49.7,0.9941,3.23,0.84,11.05,5
7.64,0.52,0.58,2.67,0.0813,10.9,33.9,0.9951,3.3,0.79,9.98,6
7.93,0.377,0.65,6.44,0.1367,2.1,31.1,0.9973,3.58,0.68,9.42,6
8.87,0.604,0.32,5.82,0.061,23.3,81.5,0.9979,3.06,0.87,9.13,5
8.01,0.387,0.58,1.3,0.074,16.6,60.3,0.9947,3.23,0.79,10.14,6
8.19,0.501,0.15,1.06,0.015,15.0,62.8,0.995,3.54,0.5,9.82,5
5.39,0.293,0.19,1.14,0.1489,2.9,16.9,0.9927,3.45,0.54,10.31,7
8.97,0.246,0.3,2.72,0.0417,7.4,29.2,0.9966,3.19,0.82,9.33,6
8.15,0.515,0.37,2.84,0.0976,34.9,106.1,0.9954,3.46,0.75,10.17,6
11.04,0.59,0.22,2.58,0.0804,25.8,76.5,0.9968,3.18,0.71,10.81,6
6.7,0.658,0.35,1.51,0.0856,6.0,24.2,0.9934,3.35,0.5,10.77,5
5.23,0.629,0.35,1.18,0.1169,4.1,43.7,0.9928,3.49,0.78,10.07,6
9.35,0.465,0.15,2.2,0.1464,9.2,42.9,0.9956,3.18,0.59,10.66,7
8.89,0.399,0.38,1.89,0.0946,7.3,26.7,0.9959,3.16,0.66,9.7,6
6.59,0.633,0.45,2.86,0.1107,15.8,73.8,0.994,3.38,0.93,10.59,6
5.7,0.179,0.36,1.77,0.0927,42.7,159.5,0.9932,3.32,0.61,10.23,7
10.91,0.417,0.46,1.52,0.1302,7.4,46.9,0.9963,3.18,0.37,10.75,5
10.7,0.406,0.03,1.42,0.071,2.8,11.8,0.998,3.23,0.46,8.4,5
4.6,0.674,0.37,1.26,0.1275,29.3,90.7,0.9922,3.6,0.85,10.27,6
7.52,0.73,0.04,1.36,0.1339,2.5,18.9,0.9941,3.48,0.68,10.48,5
11.13,0.573,0.09,1.05,0.1278,38.6,143.3,0.9963,3.12,0.66,10.81,6
7.49,0.592,0.22,1.54,0.0531,15.1,71.0,0.9915,3.41,0.63,13.77,7
7.47,0.421,0.08,0.96,0.0828,36.1,138.9,0.9939,3.41,0.72,10.52,5
7.82,0.629,0.15,1.21,0.0991,4.7,38.1,0.9953,3.37,0.5,9.17,5
6.39,0.469,0.25,2.96,0.0297,2.5,8.0,0.9939,3.35,0.73,10.53,6
5.4,0.714,0.4,1.49,0.1533,10.0,30.5,0.9944,3.33,0.52,8.4,5
10.09,0.47,0.23,2.56,0.084,9.2,35.6,0.9963,3.28,0.53,10.54,6
5.17,0.505,0.0,2.79,0.1009,6.8,33.9,0.994,3.26,0.53,9.34,5
8.72,0.582,0.5,2.21,0.0614,39.9,114.9,0.9945,3.26,0.62,11.54,6
9.81,0.719,0.1,5.68,0.0364,22.8,72.8,0.9981,2.93,0.63,9.63,5
5.83,0.376,0.28,0.93,0.0603,15.0,46.1,0.9927,3.27,0.72,10.51,6
6.73,0.56,0.33,2.91,0.0983,4.1,26.3,0.9949,3.28,0.33,9.54,5
10.36,0.31,0.33,5.68,0.1114,17.9,69.6,0.9963,3.34,0.54,12.36,6
9.21,0.145,0.45,3.87,0.096,17.6,87.7,0.9968,3.35,0.57,9.85,5
7.25,0.524,0.38,1.18,0.0984,8.6,48.4,0.9923,3.3,0.94,12.46,6
10.34,0.514,0.17,1.49,0.066,33.0,136.2,0.995,3.3,0.54,11.89,7
10.35,0.615,0.64,1.18,0.1093,4.2,16.8,0.9959,3.31,0.67,10.66,5
8.76,0.239,0.28,2.28,0.1488,5.7,29.5,0.9953,3.27,0.89,10.54,5
6.77,0.59,0.18,2.77,0.1227,2.8,9.6,0.9945,3.22,0.38,10.12,4
7.6,0.12,0.46,1.47,0.1169,21.0,76.3,0.9956,3.32,0.75,8.7,6
8.79,0.723,0.33,2.06,0.0963,13.7,49.2,0.9954,3.27,0.54,10.35,6
7.98,0.305,0.36,2.66,0.0244,6.5,26.0,0.9942,3.18,0.59,11.47,6
9.9,0.783,0.7,1.72,0.0477,4.1,12.9,0.9962,3.27,0.5,10.13,5
5.7,0.731,0.2,3.79,0.1077,2.5,8.0,0.9952,3.47,0.52,8.77,5
5.76,0.337,0.23,3.11,0.0841,4.2,25.0,0.9935,3.49,1.14,10.57,6
8.61,0.297,0.31,1.0,0.1021,9.2,48.0,0.9933,3.33,0.82,12.33,6
7.46,0.39,0.56,2.36,0.1416,5.4,32.5,0.9926,3.44,0.95,12.77,8
7.23,0.426,0.0,1.3,0.1185,5.6,32.2,0.9942,3.34,0.72,10.11,5
5.29,0.507,0.0,2.12,0.1349,27.0,99.7,0.992,3.48,0.41,11.58,6
8.33,0.488,0.14,5.62,0.0933,10.7,46.7,0.9969,3.26,0.71,9.81,5
8.21,0.267,0.0,4.07,0.0572,17.7,72.6,0.9973,3.24,0.82,8.47,5
9.41,0.12,0.21,1.68,0.0822,2.4,8.0,0.9962,3.42,0.53,9.7,6
8.42,0.529,0.38,1.42,0.0523,7.5,29.5,0.9934,3.06,0.84,12.19,6
8.07,0.235,0.21,1.3,0.1368,9.8,49.3,0.9939,3.43,0.88,11.25,8
10.3,0.476,0.0,2.04,0.1211,4.5,35.1,0.9968,3.14,0.95,9.93,5
6.07,0.688,0.26,1.08,0.1103,3.5,15.5,0.9935,3.33,0.57,9.88,5
9.21,0.689,0.45,2.1,0.1339,26.5,94.1,0.994,3.3,0.49,12.53,6
5.46,0.444,0.0,0.9,0.015,35.6,124.9,0.9911,3.27,0.62,12.25,6
6.87,0.512,0.4,1.49,0.113,3.0,21.3,0.9922,3.28,0.88,12.39,5
6.24,0.655,0.4,1.27,0.0371,7.2,8.1,0.9936,3.31,0.33,10.02,5
9.63,0.339,0.42,6.22,0.0892,40.1,163.9,0.9976,3.22,0.33,10.47,5
8.19,0.448,0.55,2.85,0.067,3.0,27.4,0.9959,3.22,0.74,9.56,7
